-- MySQL dump 10.13  Distrib 8.0.44, for Linux (x86_64)
--
-- Host: localhost    Database: campusqr
-- ------------------------------------------------------
-- Server version	8.0.44-0ubuntu0.24.04.1

/*!40101 SET @OLD_CHARACTER_SET_CLIENT=@@CHARACTER_SET_CLIENT */;
/*!40101 SET @OLD_CHARACTER_SET_RESULTS=@@CHARACTER_SET_RESULTS */;
/*!40101 SET @OLD_COLLATION_CONNECTION=@@COLLATION_CONNECTION */;
/*!50503 SET NAMES utf8mb4 */;
/*!40103 SET @OLD_TIME_ZONE=@@TIME_ZONE */;
/*!40103 SET TIME_ZONE='+00:00' */;
/*!40014 SET @OLD_UNIQUE_CHECKS=@@UNIQUE_CHECKS, UNIQUE_CHECKS=0 */;
/*!40014 SET @OLD_FOREIGN_KEY_CHECKS=@@FOREIGN_KEY_CHECKS, FOREIGN_KEY_CHECKS=0 */;
/*!40101 SET @OLD_SQL_MODE=@@SQL_MODE, SQL_MODE='NO_AUTO_VALUE_ON_ZERO' */;
/*!40111 SET @OLD_SQL_NOTES=@@SQL_NOTES, SQL_NOTES=0 */;

--
-- Table structure for table `access_logs`
--

DROP TABLE IF EXISTS `access_logs`;
/*!40101 SET @saved_cs_client     = @@character_set_client */;
/*!50503 SET character_set_client = utf8mb4 */;
CREATE TABLE `access_logs` (
  `id` int NOT NULL AUTO_INCREMENT,
  `student_id` int DEFAULT NULL,
  `scanned_by` int NOT NULL,
  `location` varchar(100) DEFAULT NULL,
  `access_granted` tinyint(1) NOT NULL,
  `verification_type` enum('qr','manual') DEFAULT 'qr',
  `qr_data` text,
  `manual_reason` text,
  `error_message` text,
  `created_at` timestamp NULL DEFAULT CURRENT_TIMESTAMP,
  PRIMARY KEY (`id`),
  KEY `idx_student_id` (`student_id`),
  KEY `idx_scanned_by` (`scanned_by`),
  KEY `idx_created_at` (`created_at`),
  KEY `idx_access_granted` (`access_granted`),
  CONSTRAINT `access_logs_ibfk_1` FOREIGN KEY (`student_id`) REFERENCES `students` (`id`) ON DELETE SET NULL,
  CONSTRAINT `access_logs_ibfk_2` FOREIGN KEY (`scanned_by`) REFERENCES `users` (`id`) ON DELETE RESTRICT
) ENGINE=InnoDB AUTO_INCREMENT=286 DEFAULT CHARSET=utf8mb4 COLLATE=utf8mb4_0900_ai_ci;
/*!40101 SET character_set_client = @saved_cs_client */;

--
-- Dumping data for table `access_logs`
--

LOCK TABLES `access_logs` WRITE;
/*!40000 ALTER TABLE `access_logs` DISABLE KEYS */;
INSERT INTO `access_logs` VALUES (1,5,1,'Unknown',1,'qr','5b69163804fe143189ecaa5e1f925a16:5e0f37e40cb0a58c9c98ea3b4b510b03d8cc6e193844adfe00662593ffc7de7358a17801a2bd467f104c8b8b5e35035989d0b67cad759206f1ac0f985d494f71f90ef24601a529a269842ce7715f91770ae3672c94a798c00ae11ce7d3f45bef697459863579c7fb72e5c1c2b21ea097',NULL,NULL,'2025-09-29 07:23:40'),(2,5,1,'Unknown',1,'qr','5b69163804fe143189ecaa5e1f925a16:5e0f37e40cb0a58c9c98ea3b4b510b03d8cc6e193844adfe00662593ffc7de7358a17801a2bd467f104c8b8b5e35035989d0b67cad759206f1ac0f985d494f71f90ef24601a529a269842ce7715f91770ae3672c94a798c00ae11ce7d3f45bef697459863579c7fb72e5c1c2b21ea097',NULL,NULL,'2025-09-29 07:23:40'),(3,5,1,'Unknown',1,'qr','5b69163804fe143189ecaa5e1f925a16:5e0f37e40cb0a58c9c98ea3b4b510b03d8cc6e193844adfe00662593ffc7de7358a17801a2bd467f104c8b8b5e35035989d0b67cad759206f1ac0f985d494f71f90ef24601a529a269842ce7715f91770ae3672c94a798c00ae11ce7d3f45bef697459863579c7fb72e5c1c2b21ea097',NULL,NULL,'2025-09-29 07:23:40'),(4,5,1,'Unknown',1,'qr','5b69163804fe143189ecaa5e1f925a16:5e0f37e40cb0a58c9c98ea3b4b510b03d8cc6e193844adfe00662593ffc7de7358a17801a2bd467f104c8b8b5e35035989d0b67cad759206f1ac0f985d494f71f90ef24601a529a269842ce7715f91770ae3672c94a798c00ae11ce7d3f45bef697459863579c7fb72e5c1c2b21ea097',NULL,NULL,'2025-09-29 07:23:40'),(5,5,1,'Unknown',1,'qr','5b69163804fe143189ecaa5e1f925a16:5e0f37e40cb0a58c9c98ea3b4b510b03d8cc6e193844adfe00662593ffc7de7358a17801a2bd467f104c8b8b5e35035989d0b67cad759206f1ac0f985d494f71f90ef24601a529a269842ce7715f91770ae3672c94a798c00ae11ce7d3f45bef697459863579c7fb72e5c1c2b21ea097',NULL,NULL,'2025-09-29 07:23:40'),(6,5,1,'Unknown',1,'qr','5b69163804fe143189ecaa5e1f925a16:5e0f37e40cb0a58c9c98ea3b4b510b03d8cc6e193844adfe00662593ffc7de7358a17801a2bd467f104c8b8b5e35035989d0b67cad759206f1ac0f985d494f71f90ef24601a529a269842ce7715f91770ae3672c94a798c00ae11ce7d3f45bef697459863579c7fb72e5c1c2b21ea097',NULL,NULL,'2025-09-29 07:23:41'),(7,5,1,'Unknown',1,'qr','5b69163804fe143189ecaa5e1f925a16:5e0f37e40cb0a58c9c98ea3b4b510b03d8cc6e193844adfe00662593ffc7de7358a17801a2bd467f104c8b8b5e35035989d0b67cad759206f1ac0f985d494f71f90ef24601a529a269842ce7715f91770ae3672c94a798c00ae11ce7d3f45bef697459863579c7fb72e5c1c2b21ea097',NULL,NULL,'2025-09-29 07:23:41'),(8,5,1,'Unknown',1,'qr','5b69163804fe143189ecaa5e1f925a16:5e0f37e40cb0a58c9c98ea3b4b510b03d8cc6e193844adfe00662593ffc7de7358a17801a2bd467f104c8b8b5e35035989d0b67cad759206f1ac0f985d494f71f90ef24601a529a269842ce7715f91770ae3672c94a798c00ae11ce7d3f45bef697459863579c7fb72e5c1c2b21ea097',NULL,NULL,'2025-09-29 07:23:41'),(9,5,1,'Unknown',1,'qr','5b69163804fe143189ecaa5e1f925a16:5e0f37e40cb0a58c9c98ea3b4b510b03d8cc6e193844adfe00662593ffc7de7358a17801a2bd467f104c8b8b5e35035989d0b67cad759206f1ac0f985d494f71f90ef24601a529a269842ce7715f91770ae3672c94a798c00ae11ce7d3f45bef697459863579c7fb72e5c1c2b21ea097',NULL,NULL,'2025-09-29 07:23:41'),(10,5,1,'Unknown',1,'qr','5b69163804fe143189ecaa5e1f925a16:5e0f37e40cb0a58c9c98ea3b4b510b03d8cc6e193844adfe00662593ffc7de7358a17801a2bd467f104c8b8b5e35035989d0b67cad759206f1ac0f985d494f71f90ef24601a529a269842ce7715f91770ae3672c94a798c00ae11ce7d3f45bef697459863579c7fb72e5c1c2b21ea097',NULL,NULL,'2025-09-29 07:23:41'),(11,5,1,'Unknown',1,'qr','5b69163804fe143189ecaa5e1f925a16:5e0f37e40cb0a58c9c98ea3b4b510b03d8cc6e193844adfe00662593ffc7de7358a17801a2bd467f104c8b8b5e35035989d0b67cad759206f1ac0f985d494f71f90ef24601a529a269842ce7715f91770ae3672c94a798c00ae11ce7d3f45bef697459863579c7fb72e5c1c2b21ea097',NULL,NULL,'2025-09-29 07:23:41'),(12,5,1,'Unknown',1,'qr','5b69163804fe143189ecaa5e1f925a16:5e0f37e40cb0a58c9c98ea3b4b510b03d8cc6e193844adfe00662593ffc7de7358a17801a2bd467f104c8b8b5e35035989d0b67cad759206f1ac0f985d494f71f90ef24601a529a269842ce7715f91770ae3672c94a798c00ae11ce7d3f45bef697459863579c7fb72e5c1c2b21ea097',NULL,NULL,'2025-09-29 07:24:01'),(13,5,1,'Unknown',1,'qr','5b69163804fe143189ecaa5e1f925a16:5e0f37e40cb0a58c9c98ea3b4b510b03d8cc6e193844adfe00662593ffc7de7358a17801a2bd467f104c8b8b5e35035989d0b67cad759206f1ac0f985d494f71f90ef24601a529a269842ce7715f91770ae3672c94a798c00ae11ce7d3f45bef697459863579c7fb72e5c1c2b21ea097',NULL,NULL,'2025-09-29 07:24:01'),(14,5,1,'Unknown',1,'qr','5b69163804fe143189ecaa5e1f925a16:5e0f37e40cb0a58c9c98ea3b4b510b03d8cc6e193844adfe00662593ffc7de7358a17801a2bd467f104c8b8b5e35035989d0b67cad759206f1ac0f985d494f71f90ef24601a529a269842ce7715f91770ae3672c94a798c00ae11ce7d3f45bef697459863579c7fb72e5c1c2b21ea097',NULL,NULL,'2025-09-29 07:24:01'),(15,5,1,'Unknown',1,'qr','5b69163804fe143189ecaa5e1f925a16:5e0f37e40cb0a58c9c98ea3b4b510b03d8cc6e193844adfe00662593ffc7de7358a17801a2bd467f104c8b8b5e35035989d0b67cad759206f1ac0f985d494f71f90ef24601a529a269842ce7715f91770ae3672c94a798c00ae11ce7d3f45bef697459863579c7fb72e5c1c2b21ea097',NULL,NULL,'2025-09-29 07:24:02'),(16,5,1,'Unknown',1,'qr','5b69163804fe143189ecaa5e1f925a16:5e0f37e40cb0a58c9c98ea3b4b510b03d8cc6e193844adfe00662593ffc7de7358a17801a2bd467f104c8b8b5e35035989d0b67cad759206f1ac0f985d494f71f90ef24601a529a269842ce7715f91770ae3672c94a798c00ae11ce7d3f45bef697459863579c7fb72e5c1c2b21ea097',NULL,NULL,'2025-09-29 07:24:02'),(17,5,1,'Unknown',1,'qr','5b69163804fe143189ecaa5e1f925a16:5e0f37e40cb0a58c9c98ea3b4b510b03d8cc6e193844adfe00662593ffc7de7358a17801a2bd467f104c8b8b5e35035989d0b67cad759206f1ac0f985d494f71f90ef24601a529a269842ce7715f91770ae3672c94a798c00ae11ce7d3f45bef697459863579c7fb72e5c1c2b21ea097',NULL,NULL,'2025-09-29 07:24:03'),(18,5,1,'Unknown',1,'qr','5b69163804fe143189ecaa5e1f925a16:5e0f37e40cb0a58c9c98ea3b4b510b03d8cc6e193844adfe00662593ffc7de7358a17801a2bd467f104c8b8b5e35035989d0b67cad759206f1ac0f985d494f71f90ef24601a529a269842ce7715f91770ae3672c94a798c00ae11ce7d3f45bef697459863579c7fb72e5c1c2b21ea097',NULL,NULL,'2025-09-29 07:24:03'),(19,5,1,'Unknown',1,'qr','5b69163804fe143189ecaa5e1f925a16:5e0f37e40cb0a58c9c98ea3b4b510b03d8cc6e193844adfe00662593ffc7de7358a17801a2bd467f104c8b8b5e35035989d0b67cad759206f1ac0f985d494f71f90ef24601a529a269842ce7715f91770ae3672c94a798c00ae11ce7d3f45bef697459863579c7fb72e5c1c2b21ea097',NULL,NULL,'2025-09-29 07:24:05'),(20,5,1,'Unknown',1,'manual',NULL,'QR code damaged',NULL,'2025-09-29 07:24:19'),(21,5,1,'Unknown',1,'qr','87b4216c3e9cc8fbf9aaab3dabd99f20:cc4aaa690554c147fc9cc39edecd0f5f400f260cc9ebb56c4978b576dfccb054f66572eed45b2dd07819eac4d0973b67a0b95cc05a2167f0a517e7e49f1f81733b1636ee063288a37bc059732cb37027ec23173b59eed0b2e81fe0822a96024438edd923e66cf0afcef289ab70674c8d',NULL,NULL,'2025-09-29 08:26:17'),(22,5,1,'Unknown',1,'qr','87b4216c3e9cc8fbf9aaab3dabd99f20:cc4aaa690554c147fc9cc39edecd0f5f400f260cc9ebb56c4978b576dfccb054f66572eed45b2dd07819eac4d0973b67a0b95cc05a2167f0a517e7e49f1f81733b1636ee063288a37bc059732cb37027ec23173b59eed0b2e81fe0822a96024438edd923e66cf0afcef289ab70674c8d',NULL,NULL,'2025-09-29 08:26:18'),(23,5,1,'Unknown',1,'qr','87b4216c3e9cc8fbf9aaab3dabd99f20:cc4aaa690554c147fc9cc39edecd0f5f400f260cc9ebb56c4978b576dfccb054f66572eed45b2dd07819eac4d0973b67a0b95cc05a2167f0a517e7e49f1f81733b1636ee063288a37bc059732cb37027ec23173b59eed0b2e81fe0822a96024438edd923e66cf0afcef289ab70674c8d',NULL,NULL,'2025-09-29 08:26:18'),(24,5,1,'Unknown',1,'qr','87b4216c3e9cc8fbf9aaab3dabd99f20:cc4aaa690554c147fc9cc39edecd0f5f400f260cc9ebb56c4978b576dfccb054f66572eed45b2dd07819eac4d0973b67a0b95cc05a2167f0a517e7e49f1f81733b1636ee063288a37bc059732cb37027ec23173b59eed0b2e81fe0822a96024438edd923e66cf0afcef289ab70674c8d',NULL,NULL,'2025-09-29 08:26:20'),(25,5,1,'Unknown',1,'qr','87b4216c3e9cc8fbf9aaab3dabd99f20:cc4aaa690554c147fc9cc39edecd0f5f400f260cc9ebb56c4978b576dfccb054f66572eed45b2dd07819eac4d0973b67a0b95cc05a2167f0a517e7e49f1f81733b1636ee063288a37bc059732cb37027ec23173b59eed0b2e81fe0822a96024438edd923e66cf0afcef289ab70674c8d',NULL,NULL,'2025-09-29 08:26:21'),(26,5,1,'Unknown',1,'qr','87b4216c3e9cc8fbf9aaab3dabd99f20:cc4aaa690554c147fc9cc39edecd0f5f400f260cc9ebb56c4978b576dfccb054f66572eed45b2dd07819eac4d0973b67a0b95cc05a2167f0a517e7e49f1f81733b1636ee063288a37bc059732cb37027ec23173b59eed0b2e81fe0822a96024438edd923e66cf0afcef289ab70674c8d',NULL,NULL,'2025-09-29 08:26:21'),(27,5,1,'Unknown',1,'qr','87b4216c3e9cc8fbf9aaab3dabd99f20:cc4aaa690554c147fc9cc39edecd0f5f400f260cc9ebb56c4978b576dfccb054f66572eed45b2dd07819eac4d0973b67a0b95cc05a2167f0a517e7e49f1f81733b1636ee063288a37bc059732cb37027ec23173b59eed0b2e81fe0822a96024438edd923e66cf0afcef289ab70674c8d',NULL,NULL,'2025-09-29 08:26:22'),(28,5,1,'Unknown',1,'qr','87b4216c3e9cc8fbf9aaab3dabd99f20:cc4aaa690554c147fc9cc39edecd0f5f400f260cc9ebb56c4978b576dfccb054f66572eed45b2dd07819eac4d0973b67a0b95cc05a2167f0a517e7e49f1f81733b1636ee063288a37bc059732cb37027ec23173b59eed0b2e81fe0822a96024438edd923e66cf0afcef289ab70674c8d',NULL,NULL,'2025-09-29 08:26:22'),(29,5,1,'Unknown',1,'qr','87b4216c3e9cc8fbf9aaab3dabd99f20:cc4aaa690554c147fc9cc39edecd0f5f400f260cc9ebb56c4978b576dfccb054f66572eed45b2dd07819eac4d0973b67a0b95cc05a2167f0a517e7e49f1f81733b1636ee063288a37bc059732cb37027ec23173b59eed0b2e81fe0822a96024438edd923e66cf0afcef289ab70674c8d',NULL,NULL,'2025-09-29 08:26:23'),(30,5,1,'Unknown',1,'qr','87b4216c3e9cc8fbf9aaab3dabd99f20:cc4aaa690554c147fc9cc39edecd0f5f400f260cc9ebb56c4978b576dfccb054f66572eed45b2dd07819eac4d0973b67a0b95cc05a2167f0a517e7e49f1f81733b1636ee063288a37bc059732cb37027ec23173b59eed0b2e81fe0822a96024438edd923e66cf0afcef289ab70674c8d',NULL,NULL,'2025-09-29 08:26:23'),(31,5,1,'Unknown',1,'qr','87b4216c3e9cc8fbf9aaab3dabd99f20:cc4aaa690554c147fc9cc39edecd0f5f400f260cc9ebb56c4978b576dfccb054f66572eed45b2dd07819eac4d0973b67a0b95cc05a2167f0a517e7e49f1f81733b1636ee063288a37bc059732cb37027ec23173b59eed0b2e81fe0822a96024438edd923e66cf0afcef289ab70674c8d',NULL,NULL,'2025-09-29 08:26:24'),(32,5,1,'Unknown',1,'qr','87b4216c3e9cc8fbf9aaab3dabd99f20:cc4aaa690554c147fc9cc39edecd0f5f400f260cc9ebb56c4978b576dfccb054f66572eed45b2dd07819eac4d0973b67a0b95cc05a2167f0a517e7e49f1f81733b1636ee063288a37bc059732cb37027ec23173b59eed0b2e81fe0822a96024438edd923e66cf0afcef289ab70674c8d',NULL,NULL,'2025-09-29 08:26:24'),(33,5,1,'Unknown',1,'qr','87b4216c3e9cc8fbf9aaab3dabd99f20:cc4aaa690554c147fc9cc39edecd0f5f400f260cc9ebb56c4978b576dfccb054f66572eed45b2dd07819eac4d0973b67a0b95cc05a2167f0a517e7e49f1f81733b1636ee063288a37bc059732cb37027ec23173b59eed0b2e81fe0822a96024438edd923e66cf0afcef289ab70674c8d',NULL,NULL,'2025-09-29 08:26:25'),(34,5,1,'Unknown',1,'qr','87b4216c3e9cc8fbf9aaab3dabd99f20:cc4aaa690554c147fc9cc39edecd0f5f400f260cc9ebb56c4978b576dfccb054f66572eed45b2dd07819eac4d0973b67a0b95cc05a2167f0a517e7e49f1f81733b1636ee063288a37bc059732cb37027ec23173b59eed0b2e81fe0822a96024438edd923e66cf0afcef289ab70674c8d',NULL,NULL,'2025-09-29 08:26:25'),(35,5,1,'Unknown',1,'qr','87b4216c3e9cc8fbf9aaab3dabd99f20:cc4aaa690554c147fc9cc39edecd0f5f400f260cc9ebb56c4978b576dfccb054f66572eed45b2dd07819eac4d0973b67a0b95cc05a2167f0a517e7e49f1f81733b1636ee063288a37bc059732cb37027ec23173b59eed0b2e81fe0822a96024438edd923e66cf0afcef289ab70674c8d',NULL,NULL,'2025-09-29 08:26:26'),(36,3,1,'Unknown',1,'qr','a577f61a8b8e609f69f52968c19f8d68:9e2f6c3bf2faa3e283d9fb09b440f4767dcf6db6b8467d9e4a5562b6889027eb502de05907102b616c13387f07867ec4912bfc879e5545f9077881d8e54aed3ac5d0d5d375d235c8810f540c3f7580f2ac0219c0b0dd15a75e9758da1bf2b1cf',NULL,NULL,'2025-09-29 08:47:02'),(37,3,1,'Unknown',1,'qr','a577f61a8b8e609f69f52968c19f8d68:9e2f6c3bf2faa3e283d9fb09b440f4767dcf6db6b8467d9e4a5562b6889027eb502de05907102b616c13387f07867ec4912bfc879e5545f9077881d8e54aed3ac5d0d5d375d235c8810f540c3f7580f2ac0219c0b0dd15a75e9758da1bf2b1cf',NULL,NULL,'2025-09-29 08:47:03'),(38,3,1,'Unknown',1,'qr','a577f61a8b8e609f69f52968c19f8d68:9e2f6c3bf2faa3e283d9fb09b440f4767dcf6db6b8467d9e4a5562b6889027eb502de05907102b616c13387f07867ec4912bfc879e5545f9077881d8e54aed3ac5d0d5d375d235c8810f540c3f7580f2ac0219c0b0dd15a75e9758da1bf2b1cf',NULL,NULL,'2025-09-29 08:47:15'),(39,3,1,'Unknown',1,'qr','a577f61a8b8e609f69f52968c19f8d68:9e2f6c3bf2faa3e283d9fb09b440f4767dcf6db6b8467d9e4a5562b6889027eb502de05907102b616c13387f07867ec4912bfc879e5545f9077881d8e54aed3ac5d0d5d375d235c8810f540c3f7580f2ac0219c0b0dd15a75e9758da1bf2b1cf',NULL,NULL,'2025-09-29 08:47:16'),(40,3,1,'Unknown',1,'qr','a577f61a8b8e609f69f52968c19f8d68:9e2f6c3bf2faa3e283d9fb09b440f4767dcf6db6b8467d9e4a5562b6889027eb502de05907102b616c13387f07867ec4912bfc879e5545f9077881d8e54aed3ac5d0d5d375d235c8810f540c3f7580f2ac0219c0b0dd15a75e9758da1bf2b1cf',NULL,NULL,'2025-09-29 08:47:16'),(41,3,1,'Unknown',1,'qr','a577f61a8b8e609f69f52968c19f8d68:9e2f6c3bf2faa3e283d9fb09b440f4767dcf6db6b8467d9e4a5562b6889027eb502de05907102b616c13387f07867ec4912bfc879e5545f9077881d8e54aed3ac5d0d5d375d235c8810f540c3f7580f2ac0219c0b0dd15a75e9758da1bf2b1cf',NULL,NULL,'2025-09-29 08:48:04'),(42,3,1,'Unknown',1,'qr','a577f61a8b8e609f69f52968c19f8d68:9e2f6c3bf2faa3e283d9fb09b440f4767dcf6db6b8467d9e4a5562b6889027eb502de05907102b616c13387f07867ec4912bfc879e5545f9077881d8e54aed3ac5d0d5d375d235c8810f540c3f7580f2ac0219c0b0dd15a75e9758da1bf2b1cf',NULL,NULL,'2025-09-29 08:48:05'),(43,3,1,'Unknown',1,'qr','a577f61a8b8e609f69f52968c19f8d68:9e2f6c3bf2faa3e283d9fb09b440f4767dcf6db6b8467d9e4a5562b6889027eb502de05907102b616c13387f07867ec4912bfc879e5545f9077881d8e54aed3ac5d0d5d375d235c8810f540c3f7580f2ac0219c0b0dd15a75e9758da1bf2b1cf',NULL,NULL,'2025-09-29 08:48:09'),(44,3,1,'Unknown',1,'qr','a577f61a8b8e609f69f52968c19f8d68:9e2f6c3bf2faa3e283d9fb09b440f4767dcf6db6b8467d9e4a5562b6889027eb502de05907102b616c13387f07867ec4912bfc879e5545f9077881d8e54aed3ac5d0d5d375d235c8810f540c3f7580f2ac0219c0b0dd15a75e9758da1bf2b1cf',NULL,NULL,'2025-09-29 08:48:09'),(45,3,1,'Unknown',1,'qr','a577f61a8b8e609f69f52968c19f8d68:9e2f6c3bf2faa3e283d9fb09b440f4767dcf6db6b8467d9e4a5562b6889027eb502de05907102b616c13387f07867ec4912bfc879e5545f9077881d8e54aed3ac5d0d5d375d235c8810f540c3f7580f2ac0219c0b0dd15a75e9758da1bf2b1cf',NULL,NULL,'2025-09-29 08:48:09'),(46,3,1,'Unknown',1,'qr','a577f61a8b8e609f69f52968c19f8d68:9e2f6c3bf2faa3e283d9fb09b440f4767dcf6db6b8467d9e4a5562b6889027eb502de05907102b616c13387f07867ec4912bfc879e5545f9077881d8e54aed3ac5d0d5d375d235c8810f540c3f7580f2ac0219c0b0dd15a75e9758da1bf2b1cf',NULL,NULL,'2025-09-29 08:48:09'),(47,3,1,'Unknown',1,'qr','a577f61a8b8e609f69f52968c19f8d68:9e2f6c3bf2faa3e283d9fb09b440f4767dcf6db6b8467d9e4a5562b6889027eb502de05907102b616c13387f07867ec4912bfc879e5545f9077881d8e54aed3ac5d0d5d375d235c8810f540c3f7580f2ac0219c0b0dd15a75e9758da1bf2b1cf',NULL,NULL,'2025-09-29 08:48:10'),(48,5,1,'Unknown',1,'qr','d87e3e74574fc31db088f0b7bcdb517b:21b8629543111788615dfdf180727ed8334caafe92853b4d6b2c8fbe71ad80803a6cb0ccb95703f4a360d24596ee510133e6a68ccc2caf61a8ebe346fade789fba277087fe8b056fe32d6ea090e0899befed8f444bbc1aeeef02c15932b85495fa6985212028005d518223f8153c7a7f',NULL,NULL,'2025-09-29 09:37:11'),(49,5,1,'Unknown',1,'qr','d87e3e74574fc31db088f0b7bcdb517b:21b8629543111788615dfdf180727ed8334caafe92853b4d6b2c8fbe71ad80803a6cb0ccb95703f4a360d24596ee510133e6a68ccc2caf61a8ebe346fade789fba277087fe8b056fe32d6ea090e0899befed8f444bbc1aeeef02c15932b85495fa6985212028005d518223f8153c7a7f',NULL,NULL,'2025-09-29 09:37:11'),(50,5,1,'Unknown',1,'qr','d87e3e74574fc31db088f0b7bcdb517b:21b8629543111788615dfdf180727ed8334caafe92853b4d6b2c8fbe71ad80803a6cb0ccb95703f4a360d24596ee510133e6a68ccc2caf61a8ebe346fade789fba277087fe8b056fe32d6ea090e0899befed8f444bbc1aeeef02c15932b85495fa6985212028005d518223f8153c7a7f',NULL,NULL,'2025-09-29 09:37:45'),(51,5,1,'Unknown',1,'qr','d87e3e74574fc31db088f0b7bcdb517b:21b8629543111788615dfdf180727ed8334caafe92853b4d6b2c8fbe71ad80803a6cb0ccb95703f4a360d24596ee510133e6a68ccc2caf61a8ebe346fade789fba277087fe8b056fe32d6ea090e0899befed8f444bbc1aeeef02c15932b85495fa6985212028005d518223f8153c7a7f',NULL,NULL,'2025-09-29 09:37:46'),(52,5,1,'Unknown',1,'qr','d87e3e74574fc31db088f0b7bcdb517b:21b8629543111788615dfdf180727ed8334caafe92853b4d6b2c8fbe71ad80803a6cb0ccb95703f4a360d24596ee510133e6a68ccc2caf61a8ebe346fade789fba277087fe8b056fe32d6ea090e0899befed8f444bbc1aeeef02c15932b85495fa6985212028005d518223f8153c7a7f',NULL,NULL,'2025-09-29 09:42:24'),(53,2,1,'Unknown',1,'qr','5e55a23c7ee8361aa0fa3655994e9f59:20c590d4048880b4b4dd1d820f47ad036adc7a7f37a720dd3a9d5c68012db307038d63830b71425677db698f618b4c393384af933f4d7bd3bfeba0dc5a21b11a218184ae43b480faa46aecb18fabda821b0fae4d0776274a9c0c659939a550e5',NULL,NULL,'2025-09-29 09:42:44'),(54,2,1,'Unknown',1,'qr','5e55a23c7ee8361aa0fa3655994e9f59:20c590d4048880b4b4dd1d820f47ad036adc7a7f37a720dd3a9d5c68012db307038d63830b71425677db698f618b4c393384af933f4d7bd3bfeba0dc5a21b11a218184ae43b480faa46aecb18fabda821b0fae4d0776274a9c0c659939a550e5',NULL,NULL,'2025-09-29 09:42:44'),(55,5,1,'Unknown',1,'qr','f6d422a953b56ad787daf22d4242e884:fdfca6b64fc2c158d2e9990b210d5b729203e6c33f69ca630f158d9689f914374a838cce0d8babc3841c5c0526d22617ba9f682c0a33d32fa865d0b59795a04b6067a827111660a3f9222b4e2c44dea3b90b22bce42a5d813c3428b4b880bb4a12071299ae551f05e86b64776540dbc0',NULL,NULL,'2025-10-05 03:12:31'),(56,5,1,'Unknown',1,'qr','f6d422a953b56ad787daf22d4242e884:fdfca6b64fc2c158d2e9990b210d5b729203e6c33f69ca630f158d9689f914374a838cce0d8babc3841c5c0526d22617ba9f682c0a33d32fa865d0b59795a04b6067a827111660a3f9222b4e2c44dea3b90b22bce42a5d813c3428b4b880bb4a12071299ae551f05e86b64776540dbc0',NULL,NULL,'2025-10-05 03:12:32'),(57,5,1,'Unknown',1,'qr','7ac6d9e716e9f020544c573b5fd56cb1:c7683cc3ad58e481fb52203fc04bb6f5c875e482dc91dfee7852d38f1370a3ebfedc310c1bd473c882621f32df0b4a9d5a432a41f20e36ee6412a75f9ca9c86a6ef19b874ed08dd76bdbc20a5e96afcbbc3cd38dc6d56b6e63e55b891ddb6826d3730daaaba9031f5c15f84f3da09d51',NULL,NULL,'2025-10-05 03:13:49'),(58,5,1,'Unknown',1,'qr','7ac6d9e716e9f020544c573b5fd56cb1:c7683cc3ad58e481fb52203fc04bb6f5c875e482dc91dfee7852d38f1370a3ebfedc310c1bd473c882621f32df0b4a9d5a432a41f20e36ee6412a75f9ca9c86a6ef19b874ed08dd76bdbc20a5e96afcbbc3cd38dc6d56b6e63e55b891ddb6826d3730daaaba9031f5c15f84f3da09d51',NULL,NULL,'2025-10-05 03:13:51'),(59,19,1,'Test Page',1,'qr','348f5063130dea2976a313013bb6ddbf:42da70ce0825823ae1721ae158a9956e48723f736568424c0bb79a186317f2b35fab2a400743d6d5bd3a5500e01fe5b9052f822982ce3f8c96e050ce1c2d86ce06b9b0345b76ac8cea141000e226635103d464611abdcba0fca96275d82d00fc',NULL,NULL,'2025-10-12 00:22:19'),(60,19,1,'Test Page',1,'qr','348f5063130dea2976a313013bb6ddbf:42da70ce0825823ae1721ae158a9956e48723f736568424c0bb79a186317f2b35fab2a400743d6d5bd3a5500e01fe5b9052f822982ce3f8c96e050ce1c2d86ce06b9b0345b76ac8cea141000e226635103d464611abdcba0fca96275d82d00fc',NULL,NULL,'2025-10-12 00:22:20'),(61,19,1,'Test Page',1,'qr','348f5063130dea2976a313013bb6ddbf:42da70ce0825823ae1721ae158a9956e48723f736568424c0bb79a186317f2b35fab2a400743d6d5bd3a5500e01fe5b9052f822982ce3f8c96e050ce1c2d86ce06b9b0345b76ac8cea141000e226635103d464611abdcba0fca96275d82d00fc',NULL,NULL,'2025-10-12 00:22:20'),(62,19,1,'Test Page',1,'qr','348f5063130dea2976a313013bb6ddbf:42da70ce0825823ae1721ae158a9956e48723f736568424c0bb79a186317f2b35fab2a400743d6d5bd3a5500e01fe5b9052f822982ce3f8c96e050ce1c2d86ce06b9b0345b76ac8cea141000e226635103d464611abdcba0fca96275d82d00fc',NULL,NULL,'2025-10-12 00:22:20'),(63,19,1,'Test Page',1,'qr','348f5063130dea2976a313013bb6ddbf:42da70ce0825823ae1721ae158a9956e48723f736568424c0bb79a186317f2b35fab2a400743d6d5bd3a5500e01fe5b9052f822982ce3f8c96e050ce1c2d86ce06b9b0345b76ac8cea141000e226635103d464611abdcba0fca96275d82d00fc',NULL,NULL,'2025-10-12 00:22:20'),(64,19,1,'Test Page',1,'qr','348f5063130dea2976a313013bb6ddbf:42da70ce0825823ae1721ae158a9956e48723f736568424c0bb79a186317f2b35fab2a400743d6d5bd3a5500e01fe5b9052f822982ce3f8c96e050ce1c2d86ce06b9b0345b76ac8cea141000e226635103d464611abdcba0fca96275d82d00fc',NULL,NULL,'2025-10-12 00:22:20'),(65,19,1,'Test Page',1,'qr','348f5063130dea2976a313013bb6ddbf:42da70ce0825823ae1721ae158a9956e48723f736568424c0bb79a186317f2b35fab2a400743d6d5bd3a5500e01fe5b9052f822982ce3f8c96e050ce1c2d86ce06b9b0345b76ac8cea141000e226635103d464611abdcba0fca96275d82d00fc',NULL,NULL,'2025-10-12 00:22:20'),(66,19,1,'Test Page',1,'qr','348f5063130dea2976a313013bb6ddbf:42da70ce0825823ae1721ae158a9956e48723f736568424c0bb79a186317f2b35fab2a400743d6d5bd3a5500e01fe5b9052f822982ce3f8c96e050ce1c2d86ce06b9b0345b76ac8cea141000e226635103d464611abdcba0fca96275d82d00fc',NULL,NULL,'2025-10-12 00:22:20'),(67,19,1,'Test Page',1,'qr','348f5063130dea2976a313013bb6ddbf:42da70ce0825823ae1721ae158a9956e48723f736568424c0bb79a186317f2b35fab2a400743d6d5bd3a5500e01fe5b9052f822982ce3f8c96e050ce1c2d86ce06b9b0345b76ac8cea141000e226635103d464611abdcba0fca96275d82d00fc',NULL,NULL,'2025-10-12 00:22:20'),(68,19,1,'Test Page',1,'qr','348f5063130dea2976a313013bb6ddbf:42da70ce0825823ae1721ae158a9956e48723f736568424c0bb79a186317f2b35fab2a400743d6d5bd3a5500e01fe5b9052f822982ce3f8c96e050ce1c2d86ce06b9b0345b76ac8cea141000e226635103d464611abdcba0fca96275d82d00fc',NULL,NULL,'2025-10-12 00:22:20'),(69,19,1,'Test Page',1,'qr','348f5063130dea2976a313013bb6ddbf:42da70ce0825823ae1721ae158a9956e48723f736568424c0bb79a186317f2b35fab2a400743d6d5bd3a5500e01fe5b9052f822982ce3f8c96e050ce1c2d86ce06b9b0345b76ac8cea141000e226635103d464611abdcba0fca96275d82d00fc',NULL,NULL,'2025-10-12 00:22:20'),(70,19,1,'Test Page',1,'qr','348f5063130dea2976a313013bb6ddbf:42da70ce0825823ae1721ae158a9956e48723f736568424c0bb79a186317f2b35fab2a400743d6d5bd3a5500e01fe5b9052f822982ce3f8c96e050ce1c2d86ce06b9b0345b76ac8cea141000e226635103d464611abdcba0fca96275d82d00fc',NULL,NULL,'2025-10-12 00:22:21'),(71,19,1,'Test Page',1,'qr','348f5063130dea2976a313013bb6ddbf:42da70ce0825823ae1721ae158a9956e48723f736568424c0bb79a186317f2b35fab2a400743d6d5bd3a5500e01fe5b9052f822982ce3f8c96e050ce1c2d86ce06b9b0345b76ac8cea141000e226635103d464611abdcba0fca96275d82d00fc',NULL,NULL,'2025-10-12 00:22:21'),(72,19,1,'Test Page',1,'qr','348f5063130dea2976a313013bb6ddbf:42da70ce0825823ae1721ae158a9956e48723f736568424c0bb79a186317f2b35fab2a400743d6d5bd3a5500e01fe5b9052f822982ce3f8c96e050ce1c2d86ce06b9b0345b76ac8cea141000e226635103d464611abdcba0fca96275d82d00fc',NULL,NULL,'2025-10-12 00:22:21'),(73,19,1,'Test Page',1,'qr','348f5063130dea2976a313013bb6ddbf:42da70ce0825823ae1721ae158a9956e48723f736568424c0bb79a186317f2b35fab2a400743d6d5bd3a5500e01fe5b9052f822982ce3f8c96e050ce1c2d86ce06b9b0345b76ac8cea141000e226635103d464611abdcba0fca96275d82d00fc',NULL,NULL,'2025-10-12 00:22:21'),(74,19,1,'Test Page',1,'qr','348f5063130dea2976a313013bb6ddbf:42da70ce0825823ae1721ae158a9956e48723f736568424c0bb79a186317f2b35fab2a400743d6d5bd3a5500e01fe5b9052f822982ce3f8c96e050ce1c2d86ce06b9b0345b76ac8cea141000e226635103d464611abdcba0fca96275d82d00fc',NULL,NULL,'2025-10-12 00:22:21'),(75,19,1,'Test Page',1,'qr','348f5063130dea2976a313013bb6ddbf:42da70ce0825823ae1721ae158a9956e48723f736568424c0bb79a186317f2b35fab2a400743d6d5bd3a5500e01fe5b9052f822982ce3f8c96e050ce1c2d86ce06b9b0345b76ac8cea141000e226635103d464611abdcba0fca96275d82d00fc',NULL,NULL,'2025-10-12 00:22:21'),(76,19,1,'Test Page',1,'qr','348f5063130dea2976a313013bb6ddbf:42da70ce0825823ae1721ae158a9956e48723f736568424c0bb79a186317f2b35fab2a400743d6d5bd3a5500e01fe5b9052f822982ce3f8c96e050ce1c2d86ce06b9b0345b76ac8cea141000e226635103d464611abdcba0fca96275d82d00fc',NULL,NULL,'2025-10-12 00:22:21'),(77,19,1,'Test Page',1,'qr','348f5063130dea2976a313013bb6ddbf:42da70ce0825823ae1721ae158a9956e48723f736568424c0bb79a186317f2b35fab2a400743d6d5bd3a5500e01fe5b9052f822982ce3f8c96e050ce1c2d86ce06b9b0345b76ac8cea141000e226635103d464611abdcba0fca96275d82d00fc',NULL,NULL,'2025-10-12 00:22:21'),(78,19,1,'Test Page',1,'qr','348f5063130dea2976a313013bb6ddbf:42da70ce0825823ae1721ae158a9956e48723f736568424c0bb79a186317f2b35fab2a400743d6d5bd3a5500e01fe5b9052f822982ce3f8c96e050ce1c2d86ce06b9b0345b76ac8cea141000e226635103d464611abdcba0fca96275d82d00fc',NULL,NULL,'2025-10-12 00:22:21'),(79,19,1,'Test Page',1,'qr','348f5063130dea2976a313013bb6ddbf:42da70ce0825823ae1721ae158a9956e48723f736568424c0bb79a186317f2b35fab2a400743d6d5bd3a5500e01fe5b9052f822982ce3f8c96e050ce1c2d86ce06b9b0345b76ac8cea141000e226635103d464611abdcba0fca96275d82d00fc',NULL,NULL,'2025-10-12 00:22:22'),(80,19,1,'Test Page',1,'qr','348f5063130dea2976a313013bb6ddbf:42da70ce0825823ae1721ae158a9956e48723f736568424c0bb79a186317f2b35fab2a400743d6d5bd3a5500e01fe5b9052f822982ce3f8c96e050ce1c2d86ce06b9b0345b76ac8cea141000e226635103d464611abdcba0fca96275d82d00fc',NULL,NULL,'2025-10-12 00:22:22'),(81,19,1,'Test Page',1,'qr','348f5063130dea2976a313013bb6ddbf:42da70ce0825823ae1721ae158a9956e48723f736568424c0bb79a186317f2b35fab2a400743d6d5bd3a5500e01fe5b9052f822982ce3f8c96e050ce1c2d86ce06b9b0345b76ac8cea141000e226635103d464611abdcba0fca96275d82d00fc',NULL,NULL,'2025-10-12 00:22:22'),(82,19,1,'Test Page',1,'qr','348f5063130dea2976a313013bb6ddbf:42da70ce0825823ae1721ae158a9956e48723f736568424c0bb79a186317f2b35fab2a400743d6d5bd3a5500e01fe5b9052f822982ce3f8c96e050ce1c2d86ce06b9b0345b76ac8cea141000e226635103d464611abdcba0fca96275d82d00fc',NULL,NULL,'2025-10-12 00:22:22'),(83,19,1,'Test Page',1,'qr','348f5063130dea2976a313013bb6ddbf:42da70ce0825823ae1721ae158a9956e48723f736568424c0bb79a186317f2b35fab2a400743d6d5bd3a5500e01fe5b9052f822982ce3f8c96e050ce1c2d86ce06b9b0345b76ac8cea141000e226635103d464611abdcba0fca96275d82d00fc',NULL,NULL,'2025-10-12 00:22:22'),(84,19,1,'Test Page',1,'qr','348f5063130dea2976a313013bb6ddbf:42da70ce0825823ae1721ae158a9956e48723f736568424c0bb79a186317f2b35fab2a400743d6d5bd3a5500e01fe5b9052f822982ce3f8c96e050ce1c2d86ce06b9b0345b76ac8cea141000e226635103d464611abdcba0fca96275d82d00fc',NULL,NULL,'2025-10-12 00:22:22'),(85,19,1,'Test Page',1,'qr','348f5063130dea2976a313013bb6ddbf:42da70ce0825823ae1721ae158a9956e48723f736568424c0bb79a186317f2b35fab2a400743d6d5bd3a5500e01fe5b9052f822982ce3f8c96e050ce1c2d86ce06b9b0345b76ac8cea141000e226635103d464611abdcba0fca96275d82d00fc',NULL,NULL,'2025-10-12 00:22:22'),(86,19,1,'Test Page',1,'qr','348f5063130dea2976a313013bb6ddbf:42da70ce0825823ae1721ae158a9956e48723f736568424c0bb79a186317f2b35fab2a400743d6d5bd3a5500e01fe5b9052f822982ce3f8c96e050ce1c2d86ce06b9b0345b76ac8cea141000e226635103d464611abdcba0fca96275d82d00fc',NULL,NULL,'2025-10-12 00:22:22'),(87,19,1,'Test Page',1,'qr','348f5063130dea2976a313013bb6ddbf:42da70ce0825823ae1721ae158a9956e48723f736568424c0bb79a186317f2b35fab2a400743d6d5bd3a5500e01fe5b9052f822982ce3f8c96e050ce1c2d86ce06b9b0345b76ac8cea141000e226635103d464611abdcba0fca96275d82d00fc',NULL,NULL,'2025-10-12 00:22:22'),(88,19,1,'Test Page',1,'qr','348f5063130dea2976a313013bb6ddbf:42da70ce0825823ae1721ae158a9956e48723f736568424c0bb79a186317f2b35fab2a400743d6d5bd3a5500e01fe5b9052f822982ce3f8c96e050ce1c2d86ce06b9b0345b76ac8cea141000e226635103d464611abdcba0fca96275d82d00fc',NULL,NULL,'2025-10-12 00:22:22'),(89,19,1,'Test Page',1,'qr','348f5063130dea2976a313013bb6ddbf:42da70ce0825823ae1721ae158a9956e48723f736568424c0bb79a186317f2b35fab2a400743d6d5bd3a5500e01fe5b9052f822982ce3f8c96e050ce1c2d86ce06b9b0345b76ac8cea141000e226635103d464611abdcba0fca96275d82d00fc',NULL,NULL,'2025-10-12 00:22:22'),(90,19,1,'Test Page',1,'qr','348f5063130dea2976a313013bb6ddbf:42da70ce0825823ae1721ae158a9956e48723f736568424c0bb79a186317f2b35fab2a400743d6d5bd3a5500e01fe5b9052f822982ce3f8c96e050ce1c2d86ce06b9b0345b76ac8cea141000e226635103d464611abdcba0fca96275d82d00fc',NULL,NULL,'2025-10-12 00:22:22'),(91,19,1,'Test Page',1,'qr','348f5063130dea2976a313013bb6ddbf:42da70ce0825823ae1721ae158a9956e48723f736568424c0bb79a186317f2b35fab2a400743d6d5bd3a5500e01fe5b9052f822982ce3f8c96e050ce1c2d86ce06b9b0345b76ac8cea141000e226635103d464611abdcba0fca96275d82d00fc',NULL,NULL,'2025-10-12 00:22:22'),(92,19,1,'Test Page',1,'qr','348f5063130dea2976a313013bb6ddbf:42da70ce0825823ae1721ae158a9956e48723f736568424c0bb79a186317f2b35fab2a400743d6d5bd3a5500e01fe5b9052f822982ce3f8c96e050ce1c2d86ce06b9b0345b76ac8cea141000e226635103d464611abdcba0fca96275d82d00fc',NULL,NULL,'2025-10-12 00:22:23'),(93,19,1,'Test Page',1,'qr','348f5063130dea2976a313013bb6ddbf:42da70ce0825823ae1721ae158a9956e48723f736568424c0bb79a186317f2b35fab2a400743d6d5bd3a5500e01fe5b9052f822982ce3f8c96e050ce1c2d86ce06b9b0345b76ac8cea141000e226635103d464611abdcba0fca96275d82d00fc',NULL,NULL,'2025-10-12 00:22:23'),(94,19,1,'Test Page',1,'qr','348f5063130dea2976a313013bb6ddbf:42da70ce0825823ae1721ae158a9956e48723f736568424c0bb79a186317f2b35fab2a400743d6d5bd3a5500e01fe5b9052f822982ce3f8c96e050ce1c2d86ce06b9b0345b76ac8cea141000e226635103d464611abdcba0fca96275d82d00fc',NULL,NULL,'2025-10-12 00:22:23'),(95,19,1,'Test Page',1,'qr','348f5063130dea2976a313013bb6ddbf:42da70ce0825823ae1721ae158a9956e48723f736568424c0bb79a186317f2b35fab2a400743d6d5bd3a5500e01fe5b9052f822982ce3f8c96e050ce1c2d86ce06b9b0345b76ac8cea141000e226635103d464611abdcba0fca96275d82d00fc',NULL,NULL,'2025-10-12 00:22:23'),(96,19,1,'Test Page',1,'qr','348f5063130dea2976a313013bb6ddbf:42da70ce0825823ae1721ae158a9956e48723f736568424c0bb79a186317f2b35fab2a400743d6d5bd3a5500e01fe5b9052f822982ce3f8c96e050ce1c2d86ce06b9b0345b76ac8cea141000e226635103d464611abdcba0fca96275d82d00fc',NULL,NULL,'2025-10-12 00:22:23'),(97,19,1,'Test Page',1,'qr','348f5063130dea2976a313013bb6ddbf:42da70ce0825823ae1721ae158a9956e48723f736568424c0bb79a186317f2b35fab2a400743d6d5bd3a5500e01fe5b9052f822982ce3f8c96e050ce1c2d86ce06b9b0345b76ac8cea141000e226635103d464611abdcba0fca96275d82d00fc',NULL,NULL,'2025-10-12 00:22:23'),(98,19,1,'Test Page',1,'qr','348f5063130dea2976a313013bb6ddbf:42da70ce0825823ae1721ae158a9956e48723f736568424c0bb79a186317f2b35fab2a400743d6d5bd3a5500e01fe5b9052f822982ce3f8c96e050ce1c2d86ce06b9b0345b76ac8cea141000e226635103d464611abdcba0fca96275d82d00fc',NULL,NULL,'2025-10-12 00:22:23'),(99,19,1,'Test Page',1,'qr','348f5063130dea2976a313013bb6ddbf:42da70ce0825823ae1721ae158a9956e48723f736568424c0bb79a186317f2b35fab2a400743d6d5bd3a5500e01fe5b9052f822982ce3f8c96e050ce1c2d86ce06b9b0345b76ac8cea141000e226635103d464611abdcba0fca96275d82d00fc',NULL,NULL,'2025-10-12 00:22:23'),(100,19,1,'Test Page',1,'qr','348f5063130dea2976a313013bb6ddbf:42da70ce0825823ae1721ae158a9956e48723f736568424c0bb79a186317f2b35fab2a400743d6d5bd3a5500e01fe5b9052f822982ce3f8c96e050ce1c2d86ce06b9b0345b76ac8cea141000e226635103d464611abdcba0fca96275d82d00fc',NULL,NULL,'2025-10-12 00:22:23'),(101,19,1,'Test Page',1,'qr','348f5063130dea2976a313013bb6ddbf:42da70ce0825823ae1721ae158a9956e48723f736568424c0bb79a186317f2b35fab2a400743d6d5bd3a5500e01fe5b9052f822982ce3f8c96e050ce1c2d86ce06b9b0345b76ac8cea141000e226635103d464611abdcba0fca96275d82d00fc',NULL,NULL,'2025-10-12 00:22:24'),(102,19,1,'Test Page',1,'qr','348f5063130dea2976a313013bb6ddbf:42da70ce0825823ae1721ae158a9956e48723f736568424c0bb79a186317f2b35fab2a400743d6d5bd3a5500e01fe5b9052f822982ce3f8c96e050ce1c2d86ce06b9b0345b76ac8cea141000e226635103d464611abdcba0fca96275d82d00fc',NULL,NULL,'2025-10-12 00:22:24'),(103,19,1,'Test Page',1,'qr','348f5063130dea2976a313013bb6ddbf:42da70ce0825823ae1721ae158a9956e48723f736568424c0bb79a186317f2b35fab2a400743d6d5bd3a5500e01fe5b9052f822982ce3f8c96e050ce1c2d86ce06b9b0345b76ac8cea141000e226635103d464611abdcba0fca96275d82d00fc',NULL,NULL,'2025-10-12 00:22:24'),(104,19,1,'Test Page',1,'qr','348f5063130dea2976a313013bb6ddbf:42da70ce0825823ae1721ae158a9956e48723f736568424c0bb79a186317f2b35fab2a400743d6d5bd3a5500e01fe5b9052f822982ce3f8c96e050ce1c2d86ce06b9b0345b76ac8cea141000e226635103d464611abdcba0fca96275d82d00fc',NULL,NULL,'2025-10-12 00:22:24'),(105,19,1,'Test Page',1,'qr','348f5063130dea2976a313013bb6ddbf:42da70ce0825823ae1721ae158a9956e48723f736568424c0bb79a186317f2b35fab2a400743d6d5bd3a5500e01fe5b9052f822982ce3f8c96e050ce1c2d86ce06b9b0345b76ac8cea141000e226635103d464611abdcba0fca96275d82d00fc',NULL,NULL,'2025-10-12 00:22:24'),(106,19,1,'Test Page',1,'qr','348f5063130dea2976a313013bb6ddbf:42da70ce0825823ae1721ae158a9956e48723f736568424c0bb79a186317f2b35fab2a400743d6d5bd3a5500e01fe5b9052f822982ce3f8c96e050ce1c2d86ce06b9b0345b76ac8cea141000e226635103d464611abdcba0fca96275d82d00fc',NULL,NULL,'2025-10-12 00:22:24'),(107,19,1,'Test Page',1,'qr','348f5063130dea2976a313013bb6ddbf:42da70ce0825823ae1721ae158a9956e48723f736568424c0bb79a186317f2b35fab2a400743d6d5bd3a5500e01fe5b9052f822982ce3f8c96e050ce1c2d86ce06b9b0345b76ac8cea141000e226635103d464611abdcba0fca96275d82d00fc',NULL,NULL,'2025-10-12 00:22:24'),(108,19,1,'Test Page',1,'qr','348f5063130dea2976a313013bb6ddbf:42da70ce0825823ae1721ae158a9956e48723f736568424c0bb79a186317f2b35fab2a400743d6d5bd3a5500e01fe5b9052f822982ce3f8c96e050ce1c2d86ce06b9b0345b76ac8cea141000e226635103d464611abdcba0fca96275d82d00fc',NULL,NULL,'2025-10-12 00:22:24'),(109,19,1,'Test Page',1,'qr','348f5063130dea2976a313013bb6ddbf:42da70ce0825823ae1721ae158a9956e48723f736568424c0bb79a186317f2b35fab2a400743d6d5bd3a5500e01fe5b9052f822982ce3f8c96e050ce1c2d86ce06b9b0345b76ac8cea141000e226635103d464611abdcba0fca96275d82d00fc',NULL,NULL,'2025-10-12 00:22:24'),(110,19,1,'Test Page',1,'qr','348f5063130dea2976a313013bb6ddbf:42da70ce0825823ae1721ae158a9956e48723f736568424c0bb79a186317f2b35fab2a400743d6d5bd3a5500e01fe5b9052f822982ce3f8c96e050ce1c2d86ce06b9b0345b76ac8cea141000e226635103d464611abdcba0fca96275d82d00fc',NULL,NULL,'2025-10-12 00:22:24'),(111,19,1,'Test Page',1,'qr','348f5063130dea2976a313013bb6ddbf:42da70ce0825823ae1721ae158a9956e48723f736568424c0bb79a186317f2b35fab2a400743d6d5bd3a5500e01fe5b9052f822982ce3f8c96e050ce1c2d86ce06b9b0345b76ac8cea141000e226635103d464611abdcba0fca96275d82d00fc',NULL,NULL,'2025-10-12 00:22:24'),(112,19,1,'Test Page',1,'qr','348f5063130dea2976a313013bb6ddbf:42da70ce0825823ae1721ae158a9956e48723f736568424c0bb79a186317f2b35fab2a400743d6d5bd3a5500e01fe5b9052f822982ce3f8c96e050ce1c2d86ce06b9b0345b76ac8cea141000e226635103d464611abdcba0fca96275d82d00fc',NULL,NULL,'2025-10-12 00:22:25'),(113,19,1,'Test Page',1,'qr','348f5063130dea2976a313013bb6ddbf:42da70ce0825823ae1721ae158a9956e48723f736568424c0bb79a186317f2b35fab2a400743d6d5bd3a5500e01fe5b9052f822982ce3f8c96e050ce1c2d86ce06b9b0345b76ac8cea141000e226635103d464611abdcba0fca96275d82d00fc',NULL,NULL,'2025-10-12 00:22:25'),(114,19,1,'Test Page',1,'qr','348f5063130dea2976a313013bb6ddbf:42da70ce0825823ae1721ae158a9956e48723f736568424c0bb79a186317f2b35fab2a400743d6d5bd3a5500e01fe5b9052f822982ce3f8c96e050ce1c2d86ce06b9b0345b76ac8cea141000e226635103d464611abdcba0fca96275d82d00fc',NULL,NULL,'2025-10-12 00:22:25'),(115,19,1,'Test Page',1,'qr','348f5063130dea2976a313013bb6ddbf:42da70ce0825823ae1721ae158a9956e48723f736568424c0bb79a186317f2b35fab2a400743d6d5bd3a5500e01fe5b9052f822982ce3f8c96e050ce1c2d86ce06b9b0345b76ac8cea141000e226635103d464611abdcba0fca96275d82d00fc',NULL,NULL,'2025-10-12 00:22:25'),(116,19,1,'Test Page',1,'qr','348f5063130dea2976a313013bb6ddbf:42da70ce0825823ae1721ae158a9956e48723f736568424c0bb79a186317f2b35fab2a400743d6d5bd3a5500e01fe5b9052f822982ce3f8c96e050ce1c2d86ce06b9b0345b76ac8cea141000e226635103d464611abdcba0fca96275d82d00fc',NULL,NULL,'2025-10-12 00:22:25'),(117,19,1,'Test Page',1,'qr','348f5063130dea2976a313013bb6ddbf:42da70ce0825823ae1721ae158a9956e48723f736568424c0bb79a186317f2b35fab2a400743d6d5bd3a5500e01fe5b9052f822982ce3f8c96e050ce1c2d86ce06b9b0345b76ac8cea141000e226635103d464611abdcba0fca96275d82d00fc',NULL,NULL,'2025-10-12 00:22:25'),(118,19,1,'Test Page',1,'qr','348f5063130dea2976a313013bb6ddbf:42da70ce0825823ae1721ae158a9956e48723f736568424c0bb79a186317f2b35fab2a400743d6d5bd3a5500e01fe5b9052f822982ce3f8c96e050ce1c2d86ce06b9b0345b76ac8cea141000e226635103d464611abdcba0fca96275d82d00fc',NULL,NULL,'2025-10-12 00:22:25'),(119,19,1,'Test Page',1,'qr','348f5063130dea2976a313013bb6ddbf:42da70ce0825823ae1721ae158a9956e48723f736568424c0bb79a186317f2b35fab2a400743d6d5bd3a5500e01fe5b9052f822982ce3f8c96e050ce1c2d86ce06b9b0345b76ac8cea141000e226635103d464611abdcba0fca96275d82d00fc',NULL,NULL,'2025-10-12 00:22:25'),(120,19,1,'Test Page',1,'qr','348f5063130dea2976a313013bb6ddbf:42da70ce0825823ae1721ae158a9956e48723f736568424c0bb79a186317f2b35fab2a400743d6d5bd3a5500e01fe5b9052f822982ce3f8c96e050ce1c2d86ce06b9b0345b76ac8cea141000e226635103d464611abdcba0fca96275d82d00fc',NULL,NULL,'2025-10-12 00:22:25'),(121,19,1,'Test Page',1,'qr','348f5063130dea2976a313013bb6ddbf:42da70ce0825823ae1721ae158a9956e48723f736568424c0bb79a186317f2b35fab2a400743d6d5bd3a5500e01fe5b9052f822982ce3f8c96e050ce1c2d86ce06b9b0345b76ac8cea141000e226635103d464611abdcba0fca96275d82d00fc',NULL,NULL,'2025-10-12 00:22:25'),(122,19,1,'Test Page',1,'qr','348f5063130dea2976a313013bb6ddbf:42da70ce0825823ae1721ae158a9956e48723f736568424c0bb79a186317f2b35fab2a400743d6d5bd3a5500e01fe5b9052f822982ce3f8c96e050ce1c2d86ce06b9b0345b76ac8cea141000e226635103d464611abdcba0fca96275d82d00fc',NULL,NULL,'2025-10-12 00:22:26'),(123,19,1,'Test Page',1,'qr','348f5063130dea2976a313013bb6ddbf:42da70ce0825823ae1721ae158a9956e48723f736568424c0bb79a186317f2b35fab2a400743d6d5bd3a5500e01fe5b9052f822982ce3f8c96e050ce1c2d86ce06b9b0345b76ac8cea141000e226635103d464611abdcba0fca96275d82d00fc',NULL,NULL,'2025-10-12 00:22:26'),(124,19,1,'Test Page',1,'qr','348f5063130dea2976a313013bb6ddbf:42da70ce0825823ae1721ae158a9956e48723f736568424c0bb79a186317f2b35fab2a400743d6d5bd3a5500e01fe5b9052f822982ce3f8c96e050ce1c2d86ce06b9b0345b76ac8cea141000e226635103d464611abdcba0fca96275d82d00fc',NULL,NULL,'2025-10-12 00:22:26'),(125,19,1,'Test Page',1,'qr','348f5063130dea2976a313013bb6ddbf:42da70ce0825823ae1721ae158a9956e48723f736568424c0bb79a186317f2b35fab2a400743d6d5bd3a5500e01fe5b9052f822982ce3f8c96e050ce1c2d86ce06b9b0345b76ac8cea141000e226635103d464611abdcba0fca96275d82d00fc',NULL,NULL,'2025-10-12 00:22:26'),(126,19,1,'Test Page',1,'qr','348f5063130dea2976a313013bb6ddbf:42da70ce0825823ae1721ae158a9956e48723f736568424c0bb79a186317f2b35fab2a400743d6d5bd3a5500e01fe5b9052f822982ce3f8c96e050ce1c2d86ce06b9b0345b76ac8cea141000e226635103d464611abdcba0fca96275d82d00fc',NULL,NULL,'2025-10-12 00:22:26'),(127,19,1,'Test Page',1,'qr','348f5063130dea2976a313013bb6ddbf:42da70ce0825823ae1721ae158a9956e48723f736568424c0bb79a186317f2b35fab2a400743d6d5bd3a5500e01fe5b9052f822982ce3f8c96e050ce1c2d86ce06b9b0345b76ac8cea141000e226635103d464611abdcba0fca96275d82d00fc',NULL,NULL,'2025-10-12 00:22:26'),(128,19,1,'Test Page',1,'qr','348f5063130dea2976a313013bb6ddbf:42da70ce0825823ae1721ae158a9956e48723f736568424c0bb79a186317f2b35fab2a400743d6d5bd3a5500e01fe5b9052f822982ce3f8c96e050ce1c2d86ce06b9b0345b76ac8cea141000e226635103d464611abdcba0fca96275d82d00fc',NULL,NULL,'2025-10-12 00:22:26'),(129,19,1,'Test Page',1,'qr','348f5063130dea2976a313013bb6ddbf:42da70ce0825823ae1721ae158a9956e48723f736568424c0bb79a186317f2b35fab2a400743d6d5bd3a5500e01fe5b9052f822982ce3f8c96e050ce1c2d86ce06b9b0345b76ac8cea141000e226635103d464611abdcba0fca96275d82d00fc',NULL,NULL,'2025-10-12 00:22:26'),(130,19,1,'Test Page',1,'qr','348f5063130dea2976a313013bb6ddbf:42da70ce0825823ae1721ae158a9956e48723f736568424c0bb79a186317f2b35fab2a400743d6d5bd3a5500e01fe5b9052f822982ce3f8c96e050ce1c2d86ce06b9b0345b76ac8cea141000e226635103d464611abdcba0fca96275d82d00fc',NULL,NULL,'2025-10-12 00:22:26'),(131,19,1,'Test Page',1,'qr','348f5063130dea2976a313013bb6ddbf:42da70ce0825823ae1721ae158a9956e48723f736568424c0bb79a186317f2b35fab2a400743d6d5bd3a5500e01fe5b9052f822982ce3f8c96e050ce1c2d86ce06b9b0345b76ac8cea141000e226635103d464611abdcba0fca96275d82d00fc',NULL,NULL,'2025-10-12 00:22:26'),(132,19,1,'Test Page',1,'qr','348f5063130dea2976a313013bb6ddbf:42da70ce0825823ae1721ae158a9956e48723f736568424c0bb79a186317f2b35fab2a400743d6d5bd3a5500e01fe5b9052f822982ce3f8c96e050ce1c2d86ce06b9b0345b76ac8cea141000e226635103d464611abdcba0fca96275d82d00fc',NULL,NULL,'2025-10-12 00:22:26'),(133,19,1,'Test Page',1,'qr','348f5063130dea2976a313013bb6ddbf:42da70ce0825823ae1721ae158a9956e48723f736568424c0bb79a186317f2b35fab2a400743d6d5bd3a5500e01fe5b9052f822982ce3f8c96e050ce1c2d86ce06b9b0345b76ac8cea141000e226635103d464611abdcba0fca96275d82d00fc',NULL,NULL,'2025-10-12 00:22:26'),(134,19,1,'Test Page',1,'qr','348f5063130dea2976a313013bb6ddbf:42da70ce0825823ae1721ae158a9956e48723f736568424c0bb79a186317f2b35fab2a400743d6d5bd3a5500e01fe5b9052f822982ce3f8c96e050ce1c2d86ce06b9b0345b76ac8cea141000e226635103d464611abdcba0fca96275d82d00fc',NULL,NULL,'2025-10-12 00:22:26'),(135,19,1,'Test Page',1,'qr','348f5063130dea2976a313013bb6ddbf:42da70ce0825823ae1721ae158a9956e48723f736568424c0bb79a186317f2b35fab2a400743d6d5bd3a5500e01fe5b9052f822982ce3f8c96e050ce1c2d86ce06b9b0345b76ac8cea141000e226635103d464611abdcba0fca96275d82d00fc',NULL,NULL,'2025-10-12 00:22:26'),(136,19,1,'Test Page',1,'qr','348f5063130dea2976a313013bb6ddbf:42da70ce0825823ae1721ae158a9956e48723f736568424c0bb79a186317f2b35fab2a400743d6d5bd3a5500e01fe5b9052f822982ce3f8c96e050ce1c2d86ce06b9b0345b76ac8cea141000e226635103d464611abdcba0fca96275d82d00fc',NULL,NULL,'2025-10-12 00:22:26'),(137,19,1,'Test Page',1,'qr','348f5063130dea2976a313013bb6ddbf:42da70ce0825823ae1721ae158a9956e48723f736568424c0bb79a186317f2b35fab2a400743d6d5bd3a5500e01fe5b9052f822982ce3f8c96e050ce1c2d86ce06b9b0345b76ac8cea141000e226635103d464611abdcba0fca96275d82d00fc',NULL,NULL,'2025-10-12 00:22:27'),(138,19,1,'Test Page',1,'qr','348f5063130dea2976a313013bb6ddbf:42da70ce0825823ae1721ae158a9956e48723f736568424c0bb79a186317f2b35fab2a400743d6d5bd3a5500e01fe5b9052f822982ce3f8c96e050ce1c2d86ce06b9b0345b76ac8cea141000e226635103d464611abdcba0fca96275d82d00fc',NULL,NULL,'2025-10-12 00:22:27'),(139,19,1,'Test Page',1,'qr','348f5063130dea2976a313013bb6ddbf:42da70ce0825823ae1721ae158a9956e48723f736568424c0bb79a186317f2b35fab2a400743d6d5bd3a5500e01fe5b9052f822982ce3f8c96e050ce1c2d86ce06b9b0345b76ac8cea141000e226635103d464611abdcba0fca96275d82d00fc',NULL,NULL,'2025-10-12 00:22:27'),(140,19,1,'Test Page',1,'qr','348f5063130dea2976a313013bb6ddbf:42da70ce0825823ae1721ae158a9956e48723f736568424c0bb79a186317f2b35fab2a400743d6d5bd3a5500e01fe5b9052f822982ce3f8c96e050ce1c2d86ce06b9b0345b76ac8cea141000e226635103d464611abdcba0fca96275d82d00fc',NULL,NULL,'2025-10-12 00:22:27'),(141,19,1,'Test Page',1,'qr','348f5063130dea2976a313013bb6ddbf:42da70ce0825823ae1721ae158a9956e48723f736568424c0bb79a186317f2b35fab2a400743d6d5bd3a5500e01fe5b9052f822982ce3f8c96e050ce1c2d86ce06b9b0345b76ac8cea141000e226635103d464611abdcba0fca96275d82d00fc',NULL,NULL,'2025-10-12 00:22:27'),(142,19,1,'Test Page',1,'qr','348f5063130dea2976a313013bb6ddbf:42da70ce0825823ae1721ae158a9956e48723f736568424c0bb79a186317f2b35fab2a400743d6d5bd3a5500e01fe5b9052f822982ce3f8c96e050ce1c2d86ce06b9b0345b76ac8cea141000e226635103d464611abdcba0fca96275d82d00fc',NULL,NULL,'2025-10-12 00:22:27'),(143,19,1,'Test Page',1,'qr','348f5063130dea2976a313013bb6ddbf:42da70ce0825823ae1721ae158a9956e48723f736568424c0bb79a186317f2b35fab2a400743d6d5bd3a5500e01fe5b9052f822982ce3f8c96e050ce1c2d86ce06b9b0345b76ac8cea141000e226635103d464611abdcba0fca96275d82d00fc',NULL,NULL,'2025-10-12 00:22:27'),(144,19,1,'Test Page',1,'qr','348f5063130dea2976a313013bb6ddbf:42da70ce0825823ae1721ae158a9956e48723f736568424c0bb79a186317f2b35fab2a400743d6d5bd3a5500e01fe5b9052f822982ce3f8c96e050ce1c2d86ce06b9b0345b76ac8cea141000e226635103d464611abdcba0fca96275d82d00fc',NULL,NULL,'2025-10-12 00:22:27'),(145,19,1,'Test Page',1,'qr','348f5063130dea2976a313013bb6ddbf:42da70ce0825823ae1721ae158a9956e48723f736568424c0bb79a186317f2b35fab2a400743d6d5bd3a5500e01fe5b9052f822982ce3f8c96e050ce1c2d86ce06b9b0345b76ac8cea141000e226635103d464611abdcba0fca96275d82d00fc',NULL,NULL,'2025-10-12 00:22:27'),(146,19,1,'Test Page',1,'qr','348f5063130dea2976a313013bb6ddbf:42da70ce0825823ae1721ae158a9956e48723f736568424c0bb79a186317f2b35fab2a400743d6d5bd3a5500e01fe5b9052f822982ce3f8c96e050ce1c2d86ce06b9b0345b76ac8cea141000e226635103d464611abdcba0fca96275d82d00fc',NULL,NULL,'2025-10-12 00:22:27'),(147,19,1,'Test Page',1,'qr','348f5063130dea2976a313013bb6ddbf:42da70ce0825823ae1721ae158a9956e48723f736568424c0bb79a186317f2b35fab2a400743d6d5bd3a5500e01fe5b9052f822982ce3f8c96e050ce1c2d86ce06b9b0345b76ac8cea141000e226635103d464611abdcba0fca96275d82d00fc',NULL,NULL,'2025-10-12 00:25:36'),(148,19,1,'Test Page',1,'qr','348f5063130dea2976a313013bb6ddbf:42da70ce0825823ae1721ae158a9956e48723f736568424c0bb79a186317f2b35fab2a400743d6d5bd3a5500e01fe5b9052f822982ce3f8c96e050ce1c2d86ce06b9b0345b76ac8cea141000e226635103d464611abdcba0fca96275d82d00fc',NULL,NULL,'2025-10-12 00:25:36'),(149,19,1,'Test Page',1,'qr','348f5063130dea2976a313013bb6ddbf:42da70ce0825823ae1721ae158a9956e48723f736568424c0bb79a186317f2b35fab2a400743d6d5bd3a5500e01fe5b9052f822982ce3f8c96e050ce1c2d86ce06b9b0345b76ac8cea141000e226635103d464611abdcba0fca96275d82d00fc',NULL,NULL,'2025-10-12 00:25:36'),(150,19,1,'Test Page',1,'qr','348f5063130dea2976a313013bb6ddbf:42da70ce0825823ae1721ae158a9956e48723f736568424c0bb79a186317f2b35fab2a400743d6d5bd3a5500e01fe5b9052f822982ce3f8c96e050ce1c2d86ce06b9b0345b76ac8cea141000e226635103d464611abdcba0fca96275d82d00fc',NULL,NULL,'2025-10-12 00:25:36'),(151,19,1,'Test Page',1,'qr','348f5063130dea2976a313013bb6ddbf:42da70ce0825823ae1721ae158a9956e48723f736568424c0bb79a186317f2b35fab2a400743d6d5bd3a5500e01fe5b9052f822982ce3f8c96e050ce1c2d86ce06b9b0345b76ac8cea141000e226635103d464611abdcba0fca96275d82d00fc',NULL,NULL,'2025-10-12 00:25:37'),(152,19,1,'Test Page',1,'qr','348f5063130dea2976a313013bb6ddbf:42da70ce0825823ae1721ae158a9956e48723f736568424c0bb79a186317f2b35fab2a400743d6d5bd3a5500e01fe5b9052f822982ce3f8c96e050ce1c2d86ce06b9b0345b76ac8cea141000e226635103d464611abdcba0fca96275d82d00fc',NULL,NULL,'2025-10-12 00:25:37'),(153,19,1,'Test Page',1,'qr','348f5063130dea2976a313013bb6ddbf:42da70ce0825823ae1721ae158a9956e48723f736568424c0bb79a186317f2b35fab2a400743d6d5bd3a5500e01fe5b9052f822982ce3f8c96e050ce1c2d86ce06b9b0345b76ac8cea141000e226635103d464611abdcba0fca96275d82d00fc',NULL,NULL,'2025-10-12 00:25:37'),(154,19,1,'Test Page',1,'qr','348f5063130dea2976a313013bb6ddbf:42da70ce0825823ae1721ae158a9956e48723f736568424c0bb79a186317f2b35fab2a400743d6d5bd3a5500e01fe5b9052f822982ce3f8c96e050ce1c2d86ce06b9b0345b76ac8cea141000e226635103d464611abdcba0fca96275d82d00fc',NULL,NULL,'2025-10-12 00:25:37'),(155,19,1,'Test Page',1,'qr','348f5063130dea2976a313013bb6ddbf:42da70ce0825823ae1721ae158a9956e48723f736568424c0bb79a186317f2b35fab2a400743d6d5bd3a5500e01fe5b9052f822982ce3f8c96e050ce1c2d86ce06b9b0345b76ac8cea141000e226635103d464611abdcba0fca96275d82d00fc',NULL,NULL,'2025-10-12 00:25:37'),(156,19,1,'Test Page',1,'qr','348f5063130dea2976a313013bb6ddbf:42da70ce0825823ae1721ae158a9956e48723f736568424c0bb79a186317f2b35fab2a400743d6d5bd3a5500e01fe5b9052f822982ce3f8c96e050ce1c2d86ce06b9b0345b76ac8cea141000e226635103d464611abdcba0fca96275d82d00fc',NULL,NULL,'2025-10-12 00:25:37'),(157,19,1,'Test Page',1,'qr','348f5063130dea2976a313013bb6ddbf:42da70ce0825823ae1721ae158a9956e48723f736568424c0bb79a186317f2b35fab2a400743d6d5bd3a5500e01fe5b9052f822982ce3f8c96e050ce1c2d86ce06b9b0345b76ac8cea141000e226635103d464611abdcba0fca96275d82d00fc',NULL,NULL,'2025-10-12 00:25:37'),(158,19,1,'Test Page',1,'qr','348f5063130dea2976a313013bb6ddbf:42da70ce0825823ae1721ae158a9956e48723f736568424c0bb79a186317f2b35fab2a400743d6d5bd3a5500e01fe5b9052f822982ce3f8c96e050ce1c2d86ce06b9b0345b76ac8cea141000e226635103d464611abdcba0fca96275d82d00fc',NULL,NULL,'2025-10-12 00:25:37'),(159,19,1,'Test Page',1,'qr','348f5063130dea2976a313013bb6ddbf:42da70ce0825823ae1721ae158a9956e48723f736568424c0bb79a186317f2b35fab2a400743d6d5bd3a5500e01fe5b9052f822982ce3f8c96e050ce1c2d86ce06b9b0345b76ac8cea141000e226635103d464611abdcba0fca96275d82d00fc',NULL,NULL,'2025-10-12 00:25:37'),(160,19,1,'Test Page',1,'qr','348f5063130dea2976a313013bb6ddbf:42da70ce0825823ae1721ae158a9956e48723f736568424c0bb79a186317f2b35fab2a400743d6d5bd3a5500e01fe5b9052f822982ce3f8c96e050ce1c2d86ce06b9b0345b76ac8cea141000e226635103d464611abdcba0fca96275d82d00fc',NULL,NULL,'2025-10-12 00:25:37'),(161,19,1,'Test Page',1,'qr','348f5063130dea2976a313013bb6ddbf:42da70ce0825823ae1721ae158a9956e48723f736568424c0bb79a186317f2b35fab2a400743d6d5bd3a5500e01fe5b9052f822982ce3f8c96e050ce1c2d86ce06b9b0345b76ac8cea141000e226635103d464611abdcba0fca96275d82d00fc',NULL,NULL,'2025-10-12 00:25:37'),(162,19,1,'Test Page',1,'qr','348f5063130dea2976a313013bb6ddbf:42da70ce0825823ae1721ae158a9956e48723f736568424c0bb79a186317f2b35fab2a400743d6d5bd3a5500e01fe5b9052f822982ce3f8c96e050ce1c2d86ce06b9b0345b76ac8cea141000e226635103d464611abdcba0fca96275d82d00fc',NULL,NULL,'2025-10-12 00:25:37'),(163,19,1,'Test Page',1,'qr','348f5063130dea2976a313013bb6ddbf:42da70ce0825823ae1721ae158a9956e48723f736568424c0bb79a186317f2b35fab2a400743d6d5bd3a5500e01fe5b9052f822982ce3f8c96e050ce1c2d86ce06b9b0345b76ac8cea141000e226635103d464611abdcba0fca96275d82d00fc',NULL,NULL,'2025-10-12 00:25:37'),(164,19,1,'Test Page',1,'qr','348f5063130dea2976a313013bb6ddbf:42da70ce0825823ae1721ae158a9956e48723f736568424c0bb79a186317f2b35fab2a400743d6d5bd3a5500e01fe5b9052f822982ce3f8c96e050ce1c2d86ce06b9b0345b76ac8cea141000e226635103d464611abdcba0fca96275d82d00fc',NULL,NULL,'2025-10-12 00:25:37'),(165,19,1,'Test Page',1,'qr','348f5063130dea2976a313013bb6ddbf:42da70ce0825823ae1721ae158a9956e48723f736568424c0bb79a186317f2b35fab2a400743d6d5bd3a5500e01fe5b9052f822982ce3f8c96e050ce1c2d86ce06b9b0345b76ac8cea141000e226635103d464611abdcba0fca96275d82d00fc',NULL,NULL,'2025-10-12 00:25:37'),(166,19,1,'Test Page',1,'qr','348f5063130dea2976a313013bb6ddbf:42da70ce0825823ae1721ae158a9956e48723f736568424c0bb79a186317f2b35fab2a400743d6d5bd3a5500e01fe5b9052f822982ce3f8c96e050ce1c2d86ce06b9b0345b76ac8cea141000e226635103d464611abdcba0fca96275d82d00fc',NULL,NULL,'2025-10-12 00:25:37'),(167,19,1,'Test Page',1,'qr','348f5063130dea2976a313013bb6ddbf:42da70ce0825823ae1721ae158a9956e48723f736568424c0bb79a186317f2b35fab2a400743d6d5bd3a5500e01fe5b9052f822982ce3f8c96e050ce1c2d86ce06b9b0345b76ac8cea141000e226635103d464611abdcba0fca96275d82d00fc',NULL,NULL,'2025-10-12 00:25:37'),(168,19,1,'Test Page',1,'qr','348f5063130dea2976a313013bb6ddbf:42da70ce0825823ae1721ae158a9956e48723f736568424c0bb79a186317f2b35fab2a400743d6d5bd3a5500e01fe5b9052f822982ce3f8c96e050ce1c2d86ce06b9b0345b76ac8cea141000e226635103d464611abdcba0fca96275d82d00fc',NULL,NULL,'2025-10-12 00:25:37'),(169,19,1,'Test Page',1,'qr','348f5063130dea2976a313013bb6ddbf:42da70ce0825823ae1721ae158a9956e48723f736568424c0bb79a186317f2b35fab2a400743d6d5bd3a5500e01fe5b9052f822982ce3f8c96e050ce1c2d86ce06b9b0345b76ac8cea141000e226635103d464611abdcba0fca96275d82d00fc',NULL,NULL,'2025-10-12 00:25:38'),(170,19,1,'Test Page',1,'qr','348f5063130dea2976a313013bb6ddbf:42da70ce0825823ae1721ae158a9956e48723f736568424c0bb79a186317f2b35fab2a400743d6d5bd3a5500e01fe5b9052f822982ce3f8c96e050ce1c2d86ce06b9b0345b76ac8cea141000e226635103d464611abdcba0fca96275d82d00fc',NULL,NULL,'2025-10-12 00:25:38'),(171,19,1,'Test Page',1,'qr','348f5063130dea2976a313013bb6ddbf:42da70ce0825823ae1721ae158a9956e48723f736568424c0bb79a186317f2b35fab2a400743d6d5bd3a5500e01fe5b9052f822982ce3f8c96e050ce1c2d86ce06b9b0345b76ac8cea141000e226635103d464611abdcba0fca96275d82d00fc',NULL,NULL,'2025-10-12 00:25:38'),(172,19,1,'Test Page',1,'qr','348f5063130dea2976a313013bb6ddbf:42da70ce0825823ae1721ae158a9956e48723f736568424c0bb79a186317f2b35fab2a400743d6d5bd3a5500e01fe5b9052f822982ce3f8c96e050ce1c2d86ce06b9b0345b76ac8cea141000e226635103d464611abdcba0fca96275d82d00fc',NULL,NULL,'2025-10-12 00:25:38'),(173,19,1,'Test Page',1,'qr','348f5063130dea2976a313013bb6ddbf:42da70ce0825823ae1721ae158a9956e48723f736568424c0bb79a186317f2b35fab2a400743d6d5bd3a5500e01fe5b9052f822982ce3f8c96e050ce1c2d86ce06b9b0345b76ac8cea141000e226635103d464611abdcba0fca96275d82d00fc',NULL,NULL,'2025-10-12 00:25:38'),(174,19,1,'Test Page',1,'qr','348f5063130dea2976a313013bb6ddbf:42da70ce0825823ae1721ae158a9956e48723f736568424c0bb79a186317f2b35fab2a400743d6d5bd3a5500e01fe5b9052f822982ce3f8c96e050ce1c2d86ce06b9b0345b76ac8cea141000e226635103d464611abdcba0fca96275d82d00fc',NULL,NULL,'2025-10-12 00:25:38'),(175,19,1,'Test Page',1,'qr','348f5063130dea2976a313013bb6ddbf:42da70ce0825823ae1721ae158a9956e48723f736568424c0bb79a186317f2b35fab2a400743d6d5bd3a5500e01fe5b9052f822982ce3f8c96e050ce1c2d86ce06b9b0345b76ac8cea141000e226635103d464611abdcba0fca96275d82d00fc',NULL,NULL,'2025-10-12 00:25:38'),(176,19,1,'Test Page',1,'qr','348f5063130dea2976a313013bb6ddbf:42da70ce0825823ae1721ae158a9956e48723f736568424c0bb79a186317f2b35fab2a400743d6d5bd3a5500e01fe5b9052f822982ce3f8c96e050ce1c2d86ce06b9b0345b76ac8cea141000e226635103d464611abdcba0fca96275d82d00fc',NULL,NULL,'2025-10-12 00:25:38'),(177,19,1,'Test Page',1,'qr','348f5063130dea2976a313013bb6ddbf:42da70ce0825823ae1721ae158a9956e48723f736568424c0bb79a186317f2b35fab2a400743d6d5bd3a5500e01fe5b9052f822982ce3f8c96e050ce1c2d86ce06b9b0345b76ac8cea141000e226635103d464611abdcba0fca96275d82d00fc',NULL,NULL,'2025-10-12 00:25:38'),(178,19,1,'Test Page',1,'qr','348f5063130dea2976a313013bb6ddbf:42da70ce0825823ae1721ae158a9956e48723f736568424c0bb79a186317f2b35fab2a400743d6d5bd3a5500e01fe5b9052f822982ce3f8c96e050ce1c2d86ce06b9b0345b76ac8cea141000e226635103d464611abdcba0fca96275d82d00fc',NULL,NULL,'2025-10-12 00:25:38'),(179,19,1,'Test Page',1,'qr','348f5063130dea2976a313013bb6ddbf:42da70ce0825823ae1721ae158a9956e48723f736568424c0bb79a186317f2b35fab2a400743d6d5bd3a5500e01fe5b9052f822982ce3f8c96e050ce1c2d86ce06b9b0345b76ac8cea141000e226635103d464611abdcba0fca96275d82d00fc',NULL,NULL,'2025-10-12 00:25:38'),(180,19,1,'Test Page',1,'qr','348f5063130dea2976a313013bb6ddbf:42da70ce0825823ae1721ae158a9956e48723f736568424c0bb79a186317f2b35fab2a400743d6d5bd3a5500e01fe5b9052f822982ce3f8c96e050ce1c2d86ce06b9b0345b76ac8cea141000e226635103d464611abdcba0fca96275d82d00fc',NULL,NULL,'2025-10-12 00:25:38'),(181,19,1,'Test Page',1,'qr','348f5063130dea2976a313013bb6ddbf:42da70ce0825823ae1721ae158a9956e48723f736568424c0bb79a186317f2b35fab2a400743d6d5bd3a5500e01fe5b9052f822982ce3f8c96e050ce1c2d86ce06b9b0345b76ac8cea141000e226635103d464611abdcba0fca96275d82d00fc',NULL,NULL,'2025-10-12 00:25:39'),(182,19,1,'Test Page',1,'qr','348f5063130dea2976a313013bb6ddbf:42da70ce0825823ae1721ae158a9956e48723f736568424c0bb79a186317f2b35fab2a400743d6d5bd3a5500e01fe5b9052f822982ce3f8c96e050ce1c2d86ce06b9b0345b76ac8cea141000e226635103d464611abdcba0fca96275d82d00fc',NULL,NULL,'2025-10-12 00:25:39'),(183,19,1,'Test Page',1,'qr','348f5063130dea2976a313013bb6ddbf:42da70ce0825823ae1721ae158a9956e48723f736568424c0bb79a186317f2b35fab2a400743d6d5bd3a5500e01fe5b9052f822982ce3f8c96e050ce1c2d86ce06b9b0345b76ac8cea141000e226635103d464611abdcba0fca96275d82d00fc',NULL,NULL,'2025-10-12 00:25:39'),(184,19,1,'Test Page',1,'qr','348f5063130dea2976a313013bb6ddbf:42da70ce0825823ae1721ae158a9956e48723f736568424c0bb79a186317f2b35fab2a400743d6d5bd3a5500e01fe5b9052f822982ce3f8c96e050ce1c2d86ce06b9b0345b76ac8cea141000e226635103d464611abdcba0fca96275d82d00fc',NULL,NULL,'2025-10-12 00:25:39'),(185,19,1,'Test Page',1,'qr','348f5063130dea2976a313013bb6ddbf:42da70ce0825823ae1721ae158a9956e48723f736568424c0bb79a186317f2b35fab2a400743d6d5bd3a5500e01fe5b9052f822982ce3f8c96e050ce1c2d86ce06b9b0345b76ac8cea141000e226635103d464611abdcba0fca96275d82d00fc',NULL,NULL,'2025-10-12 00:25:39'),(186,19,1,'Test Page',1,'qr','348f5063130dea2976a313013bb6ddbf:42da70ce0825823ae1721ae158a9956e48723f736568424c0bb79a186317f2b35fab2a400743d6d5bd3a5500e01fe5b9052f822982ce3f8c96e050ce1c2d86ce06b9b0345b76ac8cea141000e226635103d464611abdcba0fca96275d82d00fc',NULL,NULL,'2025-10-12 00:25:39'),(187,19,1,'Test Page',1,'qr','348f5063130dea2976a313013bb6ddbf:42da70ce0825823ae1721ae158a9956e48723f736568424c0bb79a186317f2b35fab2a400743d6d5bd3a5500e01fe5b9052f822982ce3f8c96e050ce1c2d86ce06b9b0345b76ac8cea141000e226635103d464611abdcba0fca96275d82d00fc',NULL,NULL,'2025-10-12 00:25:39'),(188,19,1,'Test Page',1,'qr','348f5063130dea2976a313013bb6ddbf:42da70ce0825823ae1721ae158a9956e48723f736568424c0bb79a186317f2b35fab2a400743d6d5bd3a5500e01fe5b9052f822982ce3f8c96e050ce1c2d86ce06b9b0345b76ac8cea141000e226635103d464611abdcba0fca96275d82d00fc',NULL,NULL,'2025-10-12 00:25:39'),(189,19,1,'Test Page',1,'qr','348f5063130dea2976a313013bb6ddbf:42da70ce0825823ae1721ae158a9956e48723f736568424c0bb79a186317f2b35fab2a400743d6d5bd3a5500e01fe5b9052f822982ce3f8c96e050ce1c2d86ce06b9b0345b76ac8cea141000e226635103d464611abdcba0fca96275d82d00fc',NULL,NULL,'2025-10-12 00:25:39'),(190,19,1,'Test Page',1,'qr','348f5063130dea2976a313013bb6ddbf:42da70ce0825823ae1721ae158a9956e48723f736568424c0bb79a186317f2b35fab2a400743d6d5bd3a5500e01fe5b9052f822982ce3f8c96e050ce1c2d86ce06b9b0345b76ac8cea141000e226635103d464611abdcba0fca96275d82d00fc',NULL,NULL,'2025-10-12 00:25:39'),(191,19,1,'Test Page',1,'qr','348f5063130dea2976a313013bb6ddbf:42da70ce0825823ae1721ae158a9956e48723f736568424c0bb79a186317f2b35fab2a400743d6d5bd3a5500e01fe5b9052f822982ce3f8c96e050ce1c2d86ce06b9b0345b76ac8cea141000e226635103d464611abdcba0fca96275d82d00fc',NULL,NULL,'2025-10-12 00:25:39'),(192,19,1,'Test Page',1,'qr','348f5063130dea2976a313013bb6ddbf:42da70ce0825823ae1721ae158a9956e48723f736568424c0bb79a186317f2b35fab2a400743d6d5bd3a5500e01fe5b9052f822982ce3f8c96e050ce1c2d86ce06b9b0345b76ac8cea141000e226635103d464611abdcba0fca96275d82d00fc',NULL,NULL,'2025-10-12 00:25:39'),(193,19,1,'Test Page',1,'qr','348f5063130dea2976a313013bb6ddbf:42da70ce0825823ae1721ae158a9956e48723f736568424c0bb79a186317f2b35fab2a400743d6d5bd3a5500e01fe5b9052f822982ce3f8c96e050ce1c2d86ce06b9b0345b76ac8cea141000e226635103d464611abdcba0fca96275d82d00fc',NULL,NULL,'2025-10-12 00:25:39'),(194,19,1,'Test Page',1,'qr','348f5063130dea2976a313013bb6ddbf:42da70ce0825823ae1721ae158a9956e48723f736568424c0bb79a186317f2b35fab2a400743d6d5bd3a5500e01fe5b9052f822982ce3f8c96e050ce1c2d86ce06b9b0345b76ac8cea141000e226635103d464611abdcba0fca96275d82d00fc',NULL,NULL,'2025-10-12 00:25:39'),(195,19,1,'Test Page',1,'qr','348f5063130dea2976a313013bb6ddbf:42da70ce0825823ae1721ae158a9956e48723f736568424c0bb79a186317f2b35fab2a400743d6d5bd3a5500e01fe5b9052f822982ce3f8c96e050ce1c2d86ce06b9b0345b76ac8cea141000e226635103d464611abdcba0fca96275d82d00fc',NULL,NULL,'2025-10-12 00:25:40'),(196,19,1,'Test Page',1,'qr','348f5063130dea2976a313013bb6ddbf:42da70ce0825823ae1721ae158a9956e48723f736568424c0bb79a186317f2b35fab2a400743d6d5bd3a5500e01fe5b9052f822982ce3f8c96e050ce1c2d86ce06b9b0345b76ac8cea141000e226635103d464611abdcba0fca96275d82d00fc',NULL,NULL,'2025-10-12 00:25:40'),(197,19,1,'Test Page',1,'qr','348f5063130dea2976a313013bb6ddbf:42da70ce0825823ae1721ae158a9956e48723f736568424c0bb79a186317f2b35fab2a400743d6d5bd3a5500e01fe5b9052f822982ce3f8c96e050ce1c2d86ce06b9b0345b76ac8cea141000e226635103d464611abdcba0fca96275d82d00fc',NULL,NULL,'2025-10-12 00:25:40'),(198,19,1,'Test Page',1,'qr','348f5063130dea2976a313013bb6ddbf:42da70ce0825823ae1721ae158a9956e48723f736568424c0bb79a186317f2b35fab2a400743d6d5bd3a5500e01fe5b9052f822982ce3f8c96e050ce1c2d86ce06b9b0345b76ac8cea141000e226635103d464611abdcba0fca96275d82d00fc',NULL,NULL,'2025-10-12 00:25:40'),(199,19,1,'Test Page',1,'qr','348f5063130dea2976a313013bb6ddbf:42da70ce0825823ae1721ae158a9956e48723f736568424c0bb79a186317f2b35fab2a400743d6d5bd3a5500e01fe5b9052f822982ce3f8c96e050ce1c2d86ce06b9b0345b76ac8cea141000e226635103d464611abdcba0fca96275d82d00fc',NULL,NULL,'2025-10-12 00:25:40'),(200,19,1,'Test Page',1,'qr','348f5063130dea2976a313013bb6ddbf:42da70ce0825823ae1721ae158a9956e48723f736568424c0bb79a186317f2b35fab2a400743d6d5bd3a5500e01fe5b9052f822982ce3f8c96e050ce1c2d86ce06b9b0345b76ac8cea141000e226635103d464611abdcba0fca96275d82d00fc',NULL,NULL,'2025-10-12 00:25:40'),(201,19,1,'Test Page',1,'qr','348f5063130dea2976a313013bb6ddbf:42da70ce0825823ae1721ae158a9956e48723f736568424c0bb79a186317f2b35fab2a400743d6d5bd3a5500e01fe5b9052f822982ce3f8c96e050ce1c2d86ce06b9b0345b76ac8cea141000e226635103d464611abdcba0fca96275d82d00fc',NULL,NULL,'2025-10-12 00:25:40'),(202,19,1,'Test Page',1,'qr','348f5063130dea2976a313013bb6ddbf:42da70ce0825823ae1721ae158a9956e48723f736568424c0bb79a186317f2b35fab2a400743d6d5bd3a5500e01fe5b9052f822982ce3f8c96e050ce1c2d86ce06b9b0345b76ac8cea141000e226635103d464611abdcba0fca96275d82d00fc',NULL,NULL,'2025-10-12 00:25:40'),(203,19,1,'Test Page',1,'qr','348f5063130dea2976a313013bb6ddbf:42da70ce0825823ae1721ae158a9956e48723f736568424c0bb79a186317f2b35fab2a400743d6d5bd3a5500e01fe5b9052f822982ce3f8c96e050ce1c2d86ce06b9b0345b76ac8cea141000e226635103d464611abdcba0fca96275d82d00fc',NULL,NULL,'2025-10-12 00:25:40'),(204,19,1,'Test Page',1,'qr','348f5063130dea2976a313013bb6ddbf:42da70ce0825823ae1721ae158a9956e48723f736568424c0bb79a186317f2b35fab2a400743d6d5bd3a5500e01fe5b9052f822982ce3f8c96e050ce1c2d86ce06b9b0345b76ac8cea141000e226635103d464611abdcba0fca96275d82d00fc',NULL,NULL,'2025-10-12 00:25:40'),(205,19,1,'Test Page',1,'qr','348f5063130dea2976a313013bb6ddbf:42da70ce0825823ae1721ae158a9956e48723f736568424c0bb79a186317f2b35fab2a400743d6d5bd3a5500e01fe5b9052f822982ce3f8c96e050ce1c2d86ce06b9b0345b76ac8cea141000e226635103d464611abdcba0fca96275d82d00fc',NULL,NULL,'2025-10-12 00:25:40'),(206,19,1,'Test Page',1,'qr','348f5063130dea2976a313013bb6ddbf:42da70ce0825823ae1721ae158a9956e48723f736568424c0bb79a186317f2b35fab2a400743d6d5bd3a5500e01fe5b9052f822982ce3f8c96e050ce1c2d86ce06b9b0345b76ac8cea141000e226635103d464611abdcba0fca96275d82d00fc',NULL,NULL,'2025-10-12 00:25:40'),(207,19,1,'Test Page',1,'qr','348f5063130dea2976a313013bb6ddbf:42da70ce0825823ae1721ae158a9956e48723f736568424c0bb79a186317f2b35fab2a400743d6d5bd3a5500e01fe5b9052f822982ce3f8c96e050ce1c2d86ce06b9b0345b76ac8cea141000e226635103d464611abdcba0fca96275d82d00fc',NULL,NULL,'2025-10-12 00:25:40'),(208,19,1,'Test Page',1,'qr','348f5063130dea2976a313013bb6ddbf:42da70ce0825823ae1721ae158a9956e48723f736568424c0bb79a186317f2b35fab2a400743d6d5bd3a5500e01fe5b9052f822982ce3f8c96e050ce1c2d86ce06b9b0345b76ac8cea141000e226635103d464611abdcba0fca96275d82d00fc',NULL,NULL,'2025-10-12 00:25:41'),(209,19,1,'Test Page',1,'qr','348f5063130dea2976a313013bb6ddbf:42da70ce0825823ae1721ae158a9956e48723f736568424c0bb79a186317f2b35fab2a400743d6d5bd3a5500e01fe5b9052f822982ce3f8c96e050ce1c2d86ce06b9b0345b76ac8cea141000e226635103d464611abdcba0fca96275d82d00fc',NULL,NULL,'2025-10-12 00:25:41'),(210,19,1,'Test Page',1,'qr','348f5063130dea2976a313013bb6ddbf:42da70ce0825823ae1721ae158a9956e48723f736568424c0bb79a186317f2b35fab2a400743d6d5bd3a5500e01fe5b9052f822982ce3f8c96e050ce1c2d86ce06b9b0345b76ac8cea141000e226635103d464611abdcba0fca96275d82d00fc',NULL,NULL,'2025-10-12 00:25:41'),(211,19,1,'Test Page',1,'qr','348f5063130dea2976a313013bb6ddbf:42da70ce0825823ae1721ae158a9956e48723f736568424c0bb79a186317f2b35fab2a400743d6d5bd3a5500e01fe5b9052f822982ce3f8c96e050ce1c2d86ce06b9b0345b76ac8cea141000e226635103d464611abdcba0fca96275d82d00fc',NULL,NULL,'2025-10-12 00:25:41'),(212,19,1,'Test Page',1,'qr','348f5063130dea2976a313013bb6ddbf:42da70ce0825823ae1721ae158a9956e48723f736568424c0bb79a186317f2b35fab2a400743d6d5bd3a5500e01fe5b9052f822982ce3f8c96e050ce1c2d86ce06b9b0345b76ac8cea141000e226635103d464611abdcba0fca96275d82d00fc',NULL,NULL,'2025-10-12 00:25:41'),(213,19,1,'Test Page',1,'qr','348f5063130dea2976a313013bb6ddbf:42da70ce0825823ae1721ae158a9956e48723f736568424c0bb79a186317f2b35fab2a400743d6d5bd3a5500e01fe5b9052f822982ce3f8c96e050ce1c2d86ce06b9b0345b76ac8cea141000e226635103d464611abdcba0fca96275d82d00fc',NULL,NULL,'2025-10-12 00:25:41'),(214,19,1,'Test Page',1,'qr','a6ac6aa87a6b94975d0edd8ddeff4ef3:65ce7172de91d2c899b5b1baec4fb173e5fb332cd33cdd64b7bfbcae5ac6a69c2e421596bb6eef351d2cb7b34c1cd7d6e21d8dc7ce7386269c13036e667693bc65a3d6a19a6b4e9e9b29421da148002bc3738dbe89e6468fc687b599c63b6778',NULL,NULL,'2025-10-12 00:31:58'),(215,19,1,'Test Page',1,'qr','a6ac6aa87a6b94975d0edd8ddeff4ef3:65ce7172de91d2c899b5b1baec4fb173e5fb332cd33cdd64b7bfbcae5ac6a69c2e421596bb6eef351d2cb7b34c1cd7d6e21d8dc7ce7386269c13036e667693bc65a3d6a19a6b4e9e9b29421da148002bc3738dbe89e6468fc687b599c63b6778',NULL,NULL,'2025-10-12 00:31:58'),(216,19,1,'Test Page',1,'qr','a6ac6aa87a6b94975d0edd8ddeff4ef3:65ce7172de91d2c899b5b1baec4fb173e5fb332cd33cdd64b7bfbcae5ac6a69c2e421596bb6eef351d2cb7b34c1cd7d6e21d8dc7ce7386269c13036e667693bc65a3d6a19a6b4e9e9b29421da148002bc3738dbe89e6468fc687b599c63b6778',NULL,NULL,'2025-10-12 00:31:58'),(217,19,1,'Test Page',1,'qr','a6ac6aa87a6b94975d0edd8ddeff4ef3:65ce7172de91d2c899b5b1baec4fb173e5fb332cd33cdd64b7bfbcae5ac6a69c2e421596bb6eef351d2cb7b34c1cd7d6e21d8dc7ce7386269c13036e667693bc65a3d6a19a6b4e9e9b29421da148002bc3738dbe89e6468fc687b599c63b6778',NULL,NULL,'2025-10-12 00:31:58'),(218,19,1,'Test Page',1,'qr','a6ac6aa87a6b94975d0edd8ddeff4ef3:65ce7172de91d2c899b5b1baec4fb173e5fb332cd33cdd64b7bfbcae5ac6a69c2e421596bb6eef351d2cb7b34c1cd7d6e21d8dc7ce7386269c13036e667693bc65a3d6a19a6b4e9e9b29421da148002bc3738dbe89e6468fc687b599c63b6778',NULL,NULL,'2025-10-12 00:31:58'),(219,19,1,'Test Page',1,'qr','a6ac6aa87a6b94975d0edd8ddeff4ef3:65ce7172de91d2c899b5b1baec4fb173e5fb332cd33cdd64b7bfbcae5ac6a69c2e421596bb6eef351d2cb7b34c1cd7d6e21d8dc7ce7386269c13036e667693bc65a3d6a19a6b4e9e9b29421da148002bc3738dbe89e6468fc687b599c63b6778',NULL,NULL,'2025-10-12 00:31:58'),(220,19,1,'Test Page',1,'qr','a6ac6aa87a6b94975d0edd8ddeff4ef3:65ce7172de91d2c899b5b1baec4fb173e5fb332cd33cdd64b7bfbcae5ac6a69c2e421596bb6eef351d2cb7b34c1cd7d6e21d8dc7ce7386269c13036e667693bc65a3d6a19a6b4e9e9b29421da148002bc3738dbe89e6468fc687b599c63b6778',NULL,NULL,'2025-10-12 00:31:58'),(221,19,1,'Test Page',1,'qr','a6ac6aa87a6b94975d0edd8ddeff4ef3:65ce7172de91d2c899b5b1baec4fb173e5fb332cd33cdd64b7bfbcae5ac6a69c2e421596bb6eef351d2cb7b34c1cd7d6e21d8dc7ce7386269c13036e667693bc65a3d6a19a6b4e9e9b29421da148002bc3738dbe89e6468fc687b599c63b6778',NULL,NULL,'2025-10-12 00:31:58'),(222,19,1,'Test Page',1,'qr','a6ac6aa87a6b94975d0edd8ddeff4ef3:65ce7172de91d2c899b5b1baec4fb173e5fb332cd33cdd64b7bfbcae5ac6a69c2e421596bb6eef351d2cb7b34c1cd7d6e21d8dc7ce7386269c13036e667693bc65a3d6a19a6b4e9e9b29421da148002bc3738dbe89e6468fc687b599c63b6778',NULL,NULL,'2025-10-12 00:31:59'),(223,19,1,'Test Page',1,'qr','a6ac6aa87a6b94975d0edd8ddeff4ef3:65ce7172de91d2c899b5b1baec4fb173e5fb332cd33cdd64b7bfbcae5ac6a69c2e421596bb6eef351d2cb7b34c1cd7d6e21d8dc7ce7386269c13036e667693bc65a3d6a19a6b4e9e9b29421da148002bc3738dbe89e6468fc687b599c63b6778',NULL,NULL,'2025-10-12 00:31:59'),(224,19,1,'Test Page',1,'qr','a6ac6aa87a6b94975d0edd8ddeff4ef3:65ce7172de91d2c899b5b1baec4fb173e5fb332cd33cdd64b7bfbcae5ac6a69c2e421596bb6eef351d2cb7b34c1cd7d6e21d8dc7ce7386269c13036e667693bc65a3d6a19a6b4e9e9b29421da148002bc3738dbe89e6468fc687b599c63b6778',NULL,NULL,'2025-10-12 00:31:59'),(225,19,1,'Test Page',1,'qr','a6ac6aa87a6b94975d0edd8ddeff4ef3:65ce7172de91d2c899b5b1baec4fb173e5fb332cd33cdd64b7bfbcae5ac6a69c2e421596bb6eef351d2cb7b34c1cd7d6e21d8dc7ce7386269c13036e667693bc65a3d6a19a6b4e9e9b29421da148002bc3738dbe89e6468fc687b599c63b6778',NULL,NULL,'2025-10-12 00:31:59'),(226,19,1,'Test Page',1,'qr','a6ac6aa87a6b94975d0edd8ddeff4ef3:65ce7172de91d2c899b5b1baec4fb173e5fb332cd33cdd64b7bfbcae5ac6a69c2e421596bb6eef351d2cb7b34c1cd7d6e21d8dc7ce7386269c13036e667693bc65a3d6a19a6b4e9e9b29421da148002bc3738dbe89e6468fc687b599c63b6778',NULL,NULL,'2025-10-12 00:31:59'),(227,19,1,'Unknown',1,'qr','a6ac6aa87a6b94975d0edd8ddeff4ef3:65ce7172de91d2c899b5b1baec4fb173e5fb332cd33cdd64b7bfbcae5ac6a69c2e421596bb6eef351d2cb7b34c1cd7d6e21d8dc7ce7386269c13036e667693bc65a3d6a19a6b4e9e9b29421da148002bc3738dbe89e6468fc687b599c63b6778',NULL,NULL,'2025-10-12 00:36:42'),(228,19,1,'Unknown',1,'qr','a6ac6aa87a6b94975d0edd8ddeff4ef3:65ce7172de91d2c899b5b1baec4fb173e5fb332cd33cdd64b7bfbcae5ac6a69c2e421596bb6eef351d2cb7b34c1cd7d6e21d8dc7ce7386269c13036e667693bc65a3d6a19a6b4e9e9b29421da148002bc3738dbe89e6468fc687b599c63b6778',NULL,NULL,'2025-10-12 00:36:43'),(229,19,1,'Unknown',1,'qr','a6ac6aa87a6b94975d0edd8ddeff4ef3:65ce7172de91d2c899b5b1baec4fb173e5fb332cd33cdd64b7bfbcae5ac6a69c2e421596bb6eef351d2cb7b34c1cd7d6e21d8dc7ce7386269c13036e667693bc65a3d6a19a6b4e9e9b29421da148002bc3738dbe89e6468fc687b599c63b6778',NULL,NULL,'2025-10-12 00:37:04'),(230,19,1,'Unknown',1,'qr','a6ac6aa87a6b94975d0edd8ddeff4ef3:65ce7172de91d2c899b5b1baec4fb173e5fb332cd33cdd64b7bfbcae5ac6a69c2e421596bb6eef351d2cb7b34c1cd7d6e21d8dc7ce7386269c13036e667693bc65a3d6a19a6b4e9e9b29421da148002bc3738dbe89e6468fc687b599c63b6778',NULL,NULL,'2025-10-12 00:37:05'),(231,20,1,'Unknown',1,'qr','20c539da59a4ff5d3590d5ad211f0acd:ff38f951afbe940cad9e2a7cc200e6186ef07a0687f921993be887266103deb7e6f0294ecbaeaee6d6defc35654a96954b266d69c8dfa4c340a99a8426d247546bf5554cad52508565a2e6ff471ca1ee00d1bdbf54ebd5aa4dcb9930c3ecdeb0',NULL,NULL,'2025-10-13 04:26:26'),(232,20,1,'Unknown',1,'qr','20c539da59a4ff5d3590d5ad211f0acd:ff38f951afbe940cad9e2a7cc200e6186ef07a0687f921993be887266103deb7e6f0294ecbaeaee6d6defc35654a96954b266d69c8dfa4c340a99a8426d247546bf5554cad52508565a2e6ff471ca1ee00d1bdbf54ebd5aa4dcb9930c3ecdeb0',NULL,NULL,'2025-10-13 04:26:26'),(233,19,1,'Unknown',1,'qr','8f9c56703fbdd6c54aa93284a4b490eb:f238d5eb05c6d6d0d7391c415dce6b9aad45af5b6304ccac60a1a07dbd127046e373c3abec6adf7ca1d29b8946bf6e4b1dbfb666e9e9a62333579beb892771534dbe2d8b445334e83a1cc97d3c68f7bb3df43f178ee55b69eb135aec75cc3801',NULL,NULL,'2025-10-13 04:26:46'),(234,19,1,'Unknown',1,'qr','8f9c56703fbdd6c54aa93284a4b490eb:f238d5eb05c6d6d0d7391c415dce6b9aad45af5b6304ccac60a1a07dbd127046e373c3abec6adf7ca1d29b8946bf6e4b1dbfb666e9e9a62333579beb892771534dbe2d8b445334e83a1cc97d3c68f7bb3df43f178ee55b69eb135aec75cc3801',NULL,NULL,'2025-10-13 04:26:46'),(235,19,1,'Unknown',1,'qr','8f9c56703fbdd6c54aa93284a4b490eb:f238d5eb05c6d6d0d7391c415dce6b9aad45af5b6304ccac60a1a07dbd127046e373c3abec6adf7ca1d29b8946bf6e4b1dbfb666e9e9a62333579beb892771534dbe2d8b445334e83a1cc97d3c68f7bb3df43f178ee55b69eb135aec75cc3801',NULL,NULL,'2025-10-13 04:26:59'),(236,19,1,'Unknown',1,'qr','8f9c56703fbdd6c54aa93284a4b490eb:f238d5eb05c6d6d0d7391c415dce6b9aad45af5b6304ccac60a1a07dbd127046e373c3abec6adf7ca1d29b8946bf6e4b1dbfb666e9e9a62333579beb892771534dbe2d8b445334e83a1cc97d3c68f7bb3df43f178ee55b69eb135aec75cc3801',NULL,NULL,'2025-10-13 04:27:00'),(237,20,1,'Unknown',1,'qr','8a538965961d4db0ff668b6069a503b5:5bcbe468dc4d6d4876e115a2b36fa3d90722b515a00d3559990ce182f592d8db6de64dbf056502e865003757ce2d36be0b7e14be0c364f19a0a1588ebb2bdb85a94ce1b4b51e97546e7895b0d953cbd19e3bb802abe9c6048ab8595765f932b5',NULL,NULL,'2025-10-13 04:29:26'),(238,20,1,'Unknown',1,'qr','8a538965961d4db0ff668b6069a503b5:5bcbe468dc4d6d4876e115a2b36fa3d90722b515a00d3559990ce182f592d8db6de64dbf056502e865003757ce2d36be0b7e14be0c364f19a0a1588ebb2bdb85a94ce1b4b51e97546e7895b0d953cbd19e3bb802abe9c6048ab8595765f932b5',NULL,NULL,'2025-10-13 04:29:27'),(239,20,1,'Unknown',1,'qr','8a538965961d4db0ff668b6069a503b5:5bcbe468dc4d6d4876e115a2b36fa3d90722b515a00d3559990ce182f592d8db6de64dbf056502e865003757ce2d36be0b7e14be0c364f19a0a1588ebb2bdb85a94ce1b4b51e97546e7895b0d953cbd19e3bb802abe9c6048ab8595765f932b5',NULL,NULL,'2025-10-13 04:29:27'),(240,19,1,'Unknown',1,'qr','fce472e58029d21deb9f16538802ad8d:32003c42b47b2cda5ce631d0e1181003102a9c3087eed8b6dab29ac7fcc506b3927c35fa9ab20a286489be138278da6d4afd7aa882df373a529ebf941f158d0d1be15aa02213e83e987b4a38acbaacee44ccb36eee2f3c954bb62ab162964700',NULL,NULL,'2025-10-14 11:17:35'),(241,19,1,'Unknown',1,'qr','fce472e58029d21deb9f16538802ad8d:32003c42b47b2cda5ce631d0e1181003102a9c3087eed8b6dab29ac7fcc506b3927c35fa9ab20a286489be138278da6d4afd7aa882df373a529ebf941f158d0d1be15aa02213e83e987b4a38acbaacee44ccb36eee2f3c954bb62ab162964700',NULL,NULL,'2025-10-14 11:17:36'),(242,19,1,'Unknown',1,'qr','da3d28714a3f39780d425d019b38ced8:7aa7e928659679d7873966edf4402b5cd732b4c84a9ac2e474d52366c7f685c58da02ed814047f85fecb8af59ee3bf24f47921d718cee02e37d334103cf3df9205f8daba7a55bdc159e85c21d7875fc1e39b99ae2425235368addd8b3b397218',NULL,NULL,'2025-10-14 11:18:04'),(243,19,1,'Unknown',1,'qr','da3d28714a3f39780d425d019b38ced8:7aa7e928659679d7873966edf4402b5cd732b4c84a9ac2e474d52366c7f685c58da02ed814047f85fecb8af59ee3bf24f47921d718cee02e37d334103cf3df9205f8daba7a55bdc159e85c21d7875fc1e39b99ae2425235368addd8b3b397218',NULL,NULL,'2025-10-14 11:18:05'),(244,19,1,'Unknown',1,'qr','86e62e9bb35a0ab9959f1a37d3f43bcc:0324084d58de9fe28f0eb78e78464c17ae710530d893ec78b12f332baaaa82cd36eaa8425b1af197425c6984fec62b6e3bbe4d784371d0c72477cbe06bdaa154078760987008937159b4fe971aadba5266f0a388f023561e2cf71046c2aa1c1c',NULL,NULL,'2025-10-14 11:37:31'),(245,19,1,'Unknown',1,'qr','86e62e9bb35a0ab9959f1a37d3f43bcc:0324084d58de9fe28f0eb78e78464c17ae710530d893ec78b12f332baaaa82cd36eaa8425b1af197425c6984fec62b6e3bbe4d784371d0c72477cbe06bdaa154078760987008937159b4fe971aadba5266f0a388f023561e2cf71046c2aa1c1c',NULL,NULL,'2025-10-14 11:37:31'),(246,19,1,'Unknown',1,'qr','6866d66a6ba822ed48389158d6f5ff46:c7dbe6faa1e1e027f14e94aac48ea1e51f02c5d160e0b0665b899effa260723c31c88c59b8ed63b2ccdb2b669adb8e3a81d89761dd6661be58f418ce66dbfd065087681d81eaf9653fc6b43c89c66ba2ace3812e93f5f80c3f94895989176ace',NULL,NULL,'2025-10-14 11:42:46'),(247,19,1,'Unknown',1,'qr','6866d66a6ba822ed48389158d6f5ff46:c7dbe6faa1e1e027f14e94aac48ea1e51f02c5d160e0b0665b899effa260723c31c88c59b8ed63b2ccdb2b669adb8e3a81d89761dd6661be58f418ce66dbfd065087681d81eaf9653fc6b43c89c66ba2ace3812e93f5f80c3f94895989176ace',NULL,NULL,'2025-10-14 11:42:46'),(248,19,1,'Unknown',1,'qr','6866d66a6ba822ed48389158d6f5ff46:c7dbe6faa1e1e027f14e94aac48ea1e51f02c5d160e0b0665b899effa260723c31c88c59b8ed63b2ccdb2b669adb8e3a81d89761dd6661be58f418ce66dbfd065087681d81eaf9653fc6b43c89c66ba2ace3812e93f5f80c3f94895989176ace',NULL,NULL,'2025-10-14 11:44:16'),(249,19,1,'Unknown',1,'qr','6866d66a6ba822ed48389158d6f5ff46:c7dbe6faa1e1e027f14e94aac48ea1e51f02c5d160e0b0665b899effa260723c31c88c59b8ed63b2ccdb2b669adb8e3a81d89761dd6661be58f418ce66dbfd065087681d81eaf9653fc6b43c89c66ba2ace3812e93f5f80c3f94895989176ace',NULL,NULL,'2025-10-14 11:44:16'),(250,19,1,'Unknown',1,'qr','6866d66a6ba822ed48389158d6f5ff46:c7dbe6faa1e1e027f14e94aac48ea1e51f02c5d160e0b0665b899effa260723c31c88c59b8ed63b2ccdb2b669adb8e3a81d89761dd6661be58f418ce66dbfd065087681d81eaf9653fc6b43c89c66ba2ace3812e93f5f80c3f94895989176ace',NULL,NULL,'2025-10-14 11:46:07'),(251,19,1,'Unknown',1,'qr','6866d66a6ba822ed48389158d6f5ff46:c7dbe6faa1e1e027f14e94aac48ea1e51f02c5d160e0b0665b899effa260723c31c88c59b8ed63b2ccdb2b669adb8e3a81d89761dd6661be58f418ce66dbfd065087681d81eaf9653fc6b43c89c66ba2ace3812e93f5f80c3f94895989176ace',NULL,NULL,'2025-10-14 11:46:07'),(252,20,1,'Unknown',1,'qr','3c3d621c76b4d8e2e2b07c41b165c395:ce174089b4531f13634a20b480086c8004b66cc71c693f81ec11eb96693009d7284be7d5eb72612c4d10857d3a6ef716d7a28feaf65010791ad0a779f4bd8f0b12dd08f46e1781c8798c1ac74d7e982c36d4589a2da1982e2f2580d16e542e7a',NULL,NULL,'2025-10-14 11:52:33'),(253,20,1,'Unknown',1,'qr','3c3d621c76b4d8e2e2b07c41b165c395:ce174089b4531f13634a20b480086c8004b66cc71c693f81ec11eb96693009d7284be7d5eb72612c4d10857d3a6ef716d7a28feaf65010791ad0a779f4bd8f0b12dd08f46e1781c8798c1ac74d7e982c36d4589a2da1982e2f2580d16e542e7a',NULL,NULL,'2025-10-14 11:52:34'),(254,19,1,'Unknown',1,'qr','7584a6ac5ef72600ed43b1d8d583fb77:482f430009bd34b8ee3ea2935e8c24b952f4a16db2d509c6dc8efd71dc9672c5baaa53cb9c04293ea7c31dda7ac76a013561ed40cac395ec0509b8e2966867349db18b0a949fae587a374c9bea621d37f262685c3aef9589a1eb590723fbfaa3',NULL,NULL,'2025-10-14 11:52:48'),(255,19,1,'Unknown',1,'qr','7584a6ac5ef72600ed43b1d8d583fb77:482f430009bd34b8ee3ea2935e8c24b952f4a16db2d509c6dc8efd71dc9672c5baaa53cb9c04293ea7c31dda7ac76a013561ed40cac395ec0509b8e2966867349db18b0a949fae587a374c9bea621d37f262685c3aef9589a1eb590723fbfaa3',NULL,NULL,'2025-10-14 11:52:49'),(256,19,1,'Unknown',1,'qr','7584a6ac5ef72600ed43b1d8d583fb77:482f430009bd34b8ee3ea2935e8c24b952f4a16db2d509c6dc8efd71dc9672c5baaa53cb9c04293ea7c31dda7ac76a013561ed40cac395ec0509b8e2966867349db18b0a949fae587a374c9bea621d37f262685c3aef9589a1eb590723fbfaa3',NULL,NULL,'2025-10-14 11:52:49'),(257,19,1,'Unknown',1,'qr','7584a6ac5ef72600ed43b1d8d583fb77:482f430009bd34b8ee3ea2935e8c24b952f4a16db2d509c6dc8efd71dc9672c5baaa53cb9c04293ea7c31dda7ac76a013561ed40cac395ec0509b8e2966867349db18b0a949fae587a374c9bea621d37f262685c3aef9589a1eb590723fbfaa3',NULL,NULL,'2025-10-14 11:52:50'),(258,19,1,'Unknown',1,'qr','7584a6ac5ef72600ed43b1d8d583fb77:482f430009bd34b8ee3ea2935e8c24b952f4a16db2d509c6dc8efd71dc9672c5baaa53cb9c04293ea7c31dda7ac76a013561ed40cac395ec0509b8e2966867349db18b0a949fae587a374c9bea621d37f262685c3aef9589a1eb590723fbfaa3',NULL,NULL,'2025-10-14 12:01:34'),(259,19,1,'Unknown',1,'qr','7584a6ac5ef72600ed43b1d8d583fb77:482f430009bd34b8ee3ea2935e8c24b952f4a16db2d509c6dc8efd71dc9672c5baaa53cb9c04293ea7c31dda7ac76a013561ed40cac395ec0509b8e2966867349db18b0a949fae587a374c9bea621d37f262685c3aef9589a1eb590723fbfaa3',NULL,NULL,'2025-10-14 12:01:34'),(260,19,1,'Unknown',1,'qr','7584a6ac5ef72600ed43b1d8d583fb77:482f430009bd34b8ee3ea2935e8c24b952f4a16db2d509c6dc8efd71dc9672c5baaa53cb9c04293ea7c31dda7ac76a013561ed40cac395ec0509b8e2966867349db18b0a949fae587a374c9bea621d37f262685c3aef9589a1eb590723fbfaa3',NULL,NULL,'2025-10-14 12:01:38'),(261,19,1,'Unknown',1,'qr','7584a6ac5ef72600ed43b1d8d583fb77:482f430009bd34b8ee3ea2935e8c24b952f4a16db2d509c6dc8efd71dc9672c5baaa53cb9c04293ea7c31dda7ac76a013561ed40cac395ec0509b8e2966867349db18b0a949fae587a374c9bea621d37f262685c3aef9589a1eb590723fbfaa3',NULL,NULL,'2025-10-14 12:01:38'),(262,19,1,'Unknown',1,'qr','7584a6ac5ef72600ed43b1d8d583fb77:482f430009bd34b8ee3ea2935e8c24b952f4a16db2d509c6dc8efd71dc9672c5baaa53cb9c04293ea7c31dda7ac76a013561ed40cac395ec0509b8e2966867349db18b0a949fae587a374c9bea621d37f262685c3aef9589a1eb590723fbfaa3',NULL,NULL,'2025-10-14 12:01:41'),(263,19,1,'Unknown',1,'qr','7584a6ac5ef72600ed43b1d8d583fb77:482f430009bd34b8ee3ea2935e8c24b952f4a16db2d509c6dc8efd71dc9672c5baaa53cb9c04293ea7c31dda7ac76a013561ed40cac395ec0509b8e2966867349db18b0a949fae587a374c9bea621d37f262685c3aef9589a1eb590723fbfaa3',NULL,NULL,'2025-10-14 12:01:41'),(264,19,1,'Unknown',1,'qr','7584a6ac5ef72600ed43b1d8d583fb77:482f430009bd34b8ee3ea2935e8c24b952f4a16db2d509c6dc8efd71dc9672c5baaa53cb9c04293ea7c31dda7ac76a013561ed40cac395ec0509b8e2966867349db18b0a949fae587a374c9bea621d37f262685c3aef9589a1eb590723fbfaa3',NULL,NULL,'2025-10-14 12:01:44'),(265,19,1,'Unknown',1,'qr','7584a6ac5ef72600ed43b1d8d583fb77:482f430009bd34b8ee3ea2935e8c24b952f4a16db2d509c6dc8efd71dc9672c5baaa53cb9c04293ea7c31dda7ac76a013561ed40cac395ec0509b8e2966867349db18b0a949fae587a374c9bea621d37f262685c3aef9589a1eb590723fbfaa3',NULL,NULL,'2025-10-14 12:01:44'),(266,20,1,'Unknown',1,'qr','4d61d82b7fa73cbf2b908f273f8cbd3a:81dcd8a1923bf37936fabed2621b4e45506635bcac25485b104d0b3929f22a602e7846f1828335b1e9d19b0d67be733d8b95f7a4133f6f8bc3a098c82bbb10d6318809c772bf3c99d747f4e85a86c81b9cee3c1607b135b72a360d31060bc0bf',NULL,NULL,'2025-10-14 12:01:54'),(267,20,1,'Unknown',1,'qr','4d61d82b7fa73cbf2b908f273f8cbd3a:81dcd8a1923bf37936fabed2621b4e45506635bcac25485b104d0b3929f22a602e7846f1828335b1e9d19b0d67be733d8b95f7a4133f6f8bc3a098c82bbb10d6318809c772bf3c99d747f4e85a86c81b9cee3c1607b135b72a360d31060bc0bf',NULL,NULL,'2025-10-14 12:01:55'),(268,19,1,'Unknown',1,'qr','74ad4f6f3e44f5c58b1f84a25d53ba70:6b44981462f6f707b171a7bb4d3b64f6ebed55f307a5dbcccbc56cc891d5e22c1a5b1d13e6a4cfbe6f02a2985b57f17b60f38574ef7342f2d4f955d6fef1e4ccd2d7c27e7991ef46f7754470a2ec1fb453d184f156008c02abd0475831f6be14',NULL,NULL,'2025-10-14 13:14:47'),(269,19,1,'Unknown',1,'qr','74ad4f6f3e44f5c58b1f84a25d53ba70:6b44981462f6f707b171a7bb4d3b64f6ebed55f307a5dbcccbc56cc891d5e22c1a5b1d13e6a4cfbe6f02a2985b57f17b60f38574ef7342f2d4f955d6fef1e4ccd2d7c27e7991ef46f7754470a2ec1fb453d184f156008c02abd0475831f6be14',NULL,NULL,'2025-10-14 13:14:47'),(270,19,1,'Unknown',1,'qr','74ad4f6f3e44f5c58b1f84a25d53ba70:6b44981462f6f707b171a7bb4d3b64f6ebed55f307a5dbcccbc56cc891d5e22c1a5b1d13e6a4cfbe6f02a2985b57f17b60f38574ef7342f2d4f955d6fef1e4ccd2d7c27e7991ef46f7754470a2ec1fb453d184f156008c02abd0475831f6be14',NULL,NULL,'2025-10-14 13:14:53'),(271,19,1,'Unknown',1,'qr','74ad4f6f3e44f5c58b1f84a25d53ba70:6b44981462f6f707b171a7bb4d3b64f6ebed55f307a5dbcccbc56cc891d5e22c1a5b1d13e6a4cfbe6f02a2985b57f17b60f38574ef7342f2d4f955d6fef1e4ccd2d7c27e7991ef46f7754470a2ec1fb453d184f156008c02abd0475831f6be14',NULL,NULL,'2025-10-14 13:14:53'),(272,22,1,'Unknown',1,'qr','e9f340757b1fc59e9c6c566002b3dedc:edd647eb110da60de16f2b85cdcfb4ed9b81231a7ca0875f297b2044692e13b8e40ae676973e25dbe30b2d7dfe207df295678ccdfdeb19f2bd7b807745b0dfddc59e023b8735ca94d443c47efaf8f046132472d985978e4d61000d6e9de9b8e2',NULL,NULL,'2025-12-28 08:41:41'),(273,22,1,'Unknown',1,'qr','e9f340757b1fc59e9c6c566002b3dedc:edd647eb110da60de16f2b85cdcfb4ed9b81231a7ca0875f297b2044692e13b8e40ae676973e25dbe30b2d7dfe207df295678ccdfdeb19f2bd7b807745b0dfddc59e023b8735ca94d443c47efaf8f046132472d985978e4d61000d6e9de9b8e2',NULL,NULL,'2025-12-28 08:41:41'),(274,22,1,'Unknown',1,'qr','e9f340757b1fc59e9c6c566002b3dedc:edd647eb110da60de16f2b85cdcfb4ed9b81231a7ca0875f297b2044692e13b8e40ae676973e25dbe30b2d7dfe207df295678ccdfdeb19f2bd7b807745b0dfddc59e023b8735ca94d443c47efaf8f046132472d985978e4d61000d6e9de9b8e2',NULL,NULL,'2025-12-28 08:41:41'),(275,22,1,'Unknown',1,'qr','d82289fd0950c580c2f35e2ed34a107d:ae41af396f7bc94fa09b434b1bc1fa4f56aeb2fa37d9d8d2ade9a0071ffbb4199aa58812147cca966a2cead87386801617e1bb9abb152c11430064fa99238f564b7c7eb2dfd61b09e8c13239c3e15fea0e9fc0a203575b180468d252f5a640f0',NULL,NULL,'2025-12-28 09:01:21'),(276,22,1,'Unknown',1,'qr','d82289fd0950c580c2f35e2ed34a107d:ae41af396f7bc94fa09b434b1bc1fa4f56aeb2fa37d9d8d2ade9a0071ffbb4199aa58812147cca966a2cead87386801617e1bb9abb152c11430064fa99238f564b7c7eb2dfd61b09e8c13239c3e15fea0e9fc0a203575b180468d252f5a640f0',NULL,NULL,'2025-12-28 09:01:21'),(277,22,1,'Unknown',1,'qr','08c013e2b8d2ce4a40bfe591cff307f6:e2befbed1bf39bfb2968be883b82f31aa531124392f2a581f76f2baa78d06f7e189ac25bd177e7b09d11097933c7269264bed48d612c61330e13fdf469db47da3177046f5d5db8c3baeecb6f9441c961f76174c415fffa0e2162604ff51ff7aa',NULL,NULL,'2025-12-28 09:08:50'),(278,22,1,'Unknown',1,'qr','08c013e2b8d2ce4a40bfe591cff307f6:e2befbed1bf39bfb2968be883b82f31aa531124392f2a581f76f2baa78d06f7e189ac25bd177e7b09d11097933c7269264bed48d612c61330e13fdf469db47da3177046f5d5db8c3baeecb6f9441c961f76174c415fffa0e2162604ff51ff7aa',NULL,NULL,'2025-12-28 09:08:50'),(279,22,1,'Unknown',1,'qr','08c013e2b8d2ce4a40bfe591cff307f6:e2befbed1bf39bfb2968be883b82f31aa531124392f2a581f76f2baa78d06f7e189ac25bd177e7b09d11097933c7269264bed48d612c61330e13fdf469db47da3177046f5d5db8c3baeecb6f9441c961f76174c415fffa0e2162604ff51ff7aa',NULL,NULL,'2025-12-28 09:08:51'),(280,22,4,'Unknown',1,'qr','05113dfcc311eb43ee4cef7e6590a8b6:e43b4367c4f5065955ca1f389c233231240d323759771c59300cc58ab685bbb0ad9e706940bd2f1f9780d4a29195b944156700a96b8ad6fbacc87d4d5094445c607820bb87f5007ef536b6eb0b864ebe7ad926070c665ba3dd28f116cf36d013',NULL,NULL,'2026-01-13 02:53:09'),(281,19,4,'Unknown',1,'qr','e38c34e06819923781b080adbc7d8e85:bf980a11140e54ee0d3602e4a1072cf77688f0bdc75296ae85761c1fe598b5c2fbb71f8d1dda298042e00c8a306a666de9cb96084ce9831c926deaa90b0aecd40d888fb66a7bd150c0f8a391720aabaabe2b3f6eab3bce4d0963994447cb4a71',NULL,NULL,'2026-01-13 02:53:33'),(282,19,4,'Unknown',1,'qr','e38c34e06819923781b080adbc7d8e85:bf980a11140e54ee0d3602e4a1072cf77688f0bdc75296ae85761c1fe598b5c2fbb71f8d1dda298042e00c8a306a666de9cb96084ce9831c926deaa90b0aecd40d888fb66a7bd150c0f8a391720aabaabe2b3f6eab3bce4d0963994447cb4a71',NULL,NULL,'2026-01-13 02:53:33'),(283,19,4,'Gate',1,'qr','e38c34e06819923781b080adbc7d8e85:bf980a11140e54ee0d3602e4a1072cf77688f0bdc75296ae85761c1fe598b5c2fbb71f8d1dda298042e00c8a306a666de9cb96084ce9831c926deaa90b0aecd40d888fb66a7bd150c0f8a391720aabaabe2b3f6eab3bce4d0963994447cb4a71',NULL,NULL,'2026-01-13 02:53:57'),(284,19,4,'Gate',1,'qr','e38c34e06819923781b080adbc7d8e85:bf980a11140e54ee0d3602e4a1072cf77688f0bdc75296ae85761c1fe598b5c2fbb71f8d1dda298042e00c8a306a666de9cb96084ce9831c926deaa90b0aecd40d888fb66a7bd150c0f8a391720aabaabe2b3f6eab3bce4d0963994447cb4a71',NULL,NULL,'2026-01-13 02:53:59'),(285,19,4,'Unknown',1,'qr','e38c34e06819923781b080adbc7d8e85:bf980a11140e54ee0d3602e4a1072cf77688f0bdc75296ae85761c1fe598b5c2fbb71f8d1dda298042e00c8a306a666de9cb96084ce9831c926deaa90b0aecd40d888fb66a7bd150c0f8a391720aabaabe2b3f6eab3bce4d0963994447cb4a71',NULL,NULL,'2026-01-13 02:54:19');
/*!40000 ALTER TABLE `access_logs` ENABLE KEYS */;
UNLOCK TABLES;

--
-- Table structure for table `students`
--

DROP TABLE IF EXISTS `students`;
/*!40101 SET @saved_cs_client     = @@character_set_client */;
/*!50503 SET character_set_client = utf8mb4 */;
CREATE TABLE `students` (
  `id` int NOT NULL AUTO_INCREMENT,
  `student_id` varchar(20) NOT NULL,
  `name` varchar(100) NOT NULL,
  `email` varchar(100) NOT NULL,
  `course` varchar(100) NOT NULL,
  `year_level` int DEFAULT '1',
  `enrollment_status` enum('active','inactive','graduated','suspended') DEFAULT 'active',
  `photo_url` varchar(255) DEFAULT NULL,
  `active` tinyint(1) DEFAULT '1',
  `created_at` timestamp NULL DEFAULT CURRENT_TIMESTAMP,
  `updated_at` timestamp NULL DEFAULT CURRENT_TIMESTAMP ON UPDATE CURRENT_TIMESTAMP,
  PRIMARY KEY (`id`),
  UNIQUE KEY `student_id` (`student_id`),
  UNIQUE KEY `email` (`email`),
  KEY `idx_student_id` (`student_id`),
  KEY `idx_email` (`email`),
  KEY `idx_enrollment_status` (`enrollment_status`),
  KEY `idx_active` (`active`)
) ENGINE=InnoDB AUTO_INCREMENT=23 DEFAULT CHARSET=utf8mb4 COLLATE=utf8mb4_0900_ai_ci;
/*!40101 SET character_set_client = @saved_cs_client */;

--
-- Dumping data for table `students`
--

LOCK TABLES `students` WRITE;
/*!40000 ALTER TABLE `students` DISABLE KEYS */;
INSERT INTO `students` VALUES (1,'STU001','John Doe','john.doe@university.edu','Computer Science',3,'active',NULL,0,'2025-09-28 02:27:20','2025-09-29 06:57:14'),(2,'STU002','Jane Cruz','jane.smith@university.edu','Information Technology',2,'active',NULL,0,'2025-09-28 02:27:20','2025-10-11 23:59:08'),(3,'STU003','Bob Johnson','bob.johnson@university.edu','Engineering',4,'active',NULL,0,'2025-09-28 02:27:20','2025-10-11 23:59:10'),(4,'STU004','Alice Brown','alice.brown@university.edu','Business Administration',1,'active',NULL,0,'2025-09-28 02:27:20','2025-10-11 23:59:12'),(5,'s2023102492','Ronald Abel','abel.ronald2117@gmail.com','Computer Science',3,'active','/uploads/photos/student-1759319305082-260349306.png',0,'2025-09-28 02:28:30','2025-10-11 23:48:30'),(12,'s2023102493','Ronald Abel','abel.ronald2117@firstasia.edu.ph','Computer Science',1,'active','/uploads/photos/student-1760226691666-326755353.jpg',0,'2025-10-11 23:51:31','2025-10-11 23:59:05'),(18,'s2023102491','Ronald Abel','abel.ronald2118@firstasia.edu.ph','Computer Science',1,'active','/uploads/photos/student-1760227463743-738655496.jpg',0,'2025-10-12 00:04:23','2025-10-12 00:18:45'),(19,'STU005','Ronald Abel','feafefa@gmail.com','Computer Science',3,'active','/uploads/photos/student-1760228355816-150956085.jpg',1,'2025-10-12 00:19:15','2025-10-14 12:03:10'),(20,'STU006','John Jose','johnjose@yahoo.com','Engineering',4,'active',NULL,1,'2025-10-12 03:00:24','2025-10-14 12:03:49'),(21,'fefefe','fefefe','fefefe@fefe.com','Psychology',1,'active',NULL,1,'2025-12-26 10:12:52','2025-12-26 10:12:52'),(22,'121','dwadwa','dwadwad@fefe.com','Computer Science',1,'graduated',NULL,1,'2025-12-26 10:13:46','2026-01-13 03:14:22');
/*!40000 ALTER TABLE `students` ENABLE KEYS */;
UNLOCK TABLES;

--
-- Table structure for table `users`
--

DROP TABLE IF EXISTS `users`;
/*!40101 SET @saved_cs_client     = @@character_set_client */;
/*!50503 SET character_set_client = utf8mb4 */;
CREATE TABLE `users` (
  `id` int NOT NULL AUTO_INCREMENT,
  `username` varchar(50) NOT NULL,
  `email` varchar(100) NOT NULL,
  `password` varchar(255) NOT NULL,
  `role` enum('admin','security','staff') DEFAULT 'security',
  `active` tinyint(1) DEFAULT '1',
  `last_login` timestamp NULL DEFAULT NULL,
  `created_at` timestamp NULL DEFAULT CURRENT_TIMESTAMP,
  `updated_at` timestamp NULL DEFAULT CURRENT_TIMESTAMP ON UPDATE CURRENT_TIMESTAMP,
  PRIMARY KEY (`id`),
  UNIQUE KEY `username` (`username`),
  UNIQUE KEY `email` (`email`)
) ENGINE=InnoDB AUTO_INCREMENT=5 DEFAULT CHARSET=utf8mb4 COLLATE=utf8mb4_0900_ai_ci;
/*!40101 SET character_set_client = @saved_cs_client */;

--
-- Dumping data for table `users`
--

LOCK TABLES `users` WRITE;
/*!40000 ALTER TABLE `users` DISABLE KEYS */;
INSERT INTO `users` VALUES (1,'admin','admin@campusqr.com','$2a$10$gUpeSoK.ZNNuh.lO88fmceN2UwhgpTGM38GhfvkDbLFiHMoEnnFba','admin',1,'2026-01-13 03:45:20','2025-09-28 02:27:20','2026-01-13 03:45:20'),(2,'security','security@campusqr.com','$2a$10$wA7Us/W7domp2S4wt/DhruQQttiKxKj435.q7wuZC71FVjXlSIcA6','security',1,'2025-09-28 02:29:36','2025-09-28 02:27:20','2025-09-28 02:29:36'),(4,'ronald@campusqr.com','abel.ronald2117@gmail.com','$2a$10$auNGsI846SzLUdMb/BWLNe42cOlHxcCXYI53jR8ZKgL4agqxaaxW6','security',1,'2026-01-13 02:52:39','2025-12-26 06:12:30','2026-01-13 02:52:39');
/*!40000 ALTER TABLE `users` ENABLE KEYS */;
UNLOCK TABLES;
/*!40103 SET TIME_ZONE=@OLD_TIME_ZONE */;

/*!40101 SET SQL_MODE=@OLD_SQL_MODE */;
/*!40014 SET FOREIGN_KEY_CHECKS=@OLD_FOREIGN_KEY_CHECKS */;
/*!40014 SET UNIQUE_CHECKS=@OLD_UNIQUE_CHECKS */;
/*!40101 SET CHARACTER_SET_CLIENT=@OLD_CHARACTER_SET_CLIENT */;
/*!40101 SET CHARACTER_SET_RESULTS=@OLD_CHARACTER_SET_RESULTS */;
/*!40101 SET COLLATION_CONNECTION=@OLD_COLLATION_CONNECTION */;
/*!40111 SET SQL_NOTES=@OLD_SQL_NOTES */;

-- Dump completed on 2026-01-13 12:12:33
